Age,Attrition,BusinessTravel,DailyRate,Department,DistanceFromHome,Education,EducationField,EnvironmentSatisfaction,Gender,HourlyRate,JobInvolvement,JobLevel,JobRole,JobSatisfaction,MaritalStatus,MonthlyIncome,MonthlyRate,NumCompaniesWorked,OverTime,PercentSalaryHike,PerformanceRating,RelationshipSatisfaction,StockOptionLevel,TotalWorkingYears,TrainingTimesLastYear,WorkLifeBalance,YearsAtCompany,YearsInCurrentRole,YearsSinceLastPromotion,YearsWithCurrManager,Employee_ID,Promotion_Gap_Ratio,Role_Stagnation_Index,Training_Intensity_Score,Manager_Stability_Indicator,Promotion_Gap_Score,Training_Need_Indicator,Career_Stagnation_Flag,Retention_Opportunity_Index,Retention_Opportunity_Level,Career_Cluster,Career_Cluster_Label
27,0,Travel_Rarely,591,Research & Development,2,1,Medical,1,Male,40,3,1,Laboratory Technician,2,Married,3468,16632,9,No,12,3,4,1,6,3,3,2,2,2,2,EMP0005,1.0,1.0,1.5,1.0,Low,Low,0,95.0,High,1,Developing Professional
32,0,Travel_Frequently,1005,Research & Development,2,2,Life Sciences,4,Male,79,3,1,Laboratory Technician,4,Single,3068,11864,0,No,13,3,3,0,8,2,2,7,7,3,6,EMP0006,0.4285714285714285,1.0,0.2857142857142857,0.8571428571428571,High,Medium,1,70.0,High,1,Developing Professional
36,0,Travel_Rarely,1299,Research & Development,27,3,Medical,3,Male,94,3,2,Healthcare Representative,3,Married,5237,16577,6,No,13,3,2,2,17,3,2,7,7,7,7,EMP0010,1.0,1.0,0.4285714285714285,1.0,High,Low,1,90.0,High,2,Experienced Professional
31,0,Travel_Rarely,670,Research & Development,26,1,Life Sciences,1,Male,31,3,1,Research Scientist,3,Divorced,2911,15170,1,No,17,3,4,1,5,1,2,5,2,4,3,EMP0013,0.8,0.4,0.2,0.6,Medium,Medium,0,78.0,High,1,Developing Professional
34,0,Travel_Rarely,1346,Research & Development,19,2,Medical,2,Male,93,3,1,Laboratory Technician,4,Divorced,2661,8758,0,No,11,3,3,1,3,2,3,2,2,1,2,EMP0014,0.5,1.0,1.0,1.0,Low,Medium,0,75.0,High,1,Developing Professional
29,0,Travel_Rarely,1389,Research & Development,21,4,Life Sciences,2,Female,51,4,3,Manufacturing Director,1,Divorced,9980,10195,1,No,11,3,3,1,10,1,3,10,9,8,8,EMP0016,0.8,0.9,0.1,0.8,High,High,1,100.0,High,2,Experienced Professional
42,0,Travel_Rarely,691,Sales,8,4,Marketing,3,Male,48,3,2,Sales Executive,2,Married,6825,21173,0,No,11,3,4,1,10,2,3,9,7,4,2,EMP0028,0.4444444444444444,0.7777777777777778,0.2222222222222222,0.2222222222222222,High,Medium,1,64.44444444444446,High,1,Developing Professional
46,0,Travel_Rarely,705,Sales,2,4,Marketing,2,Female,83,3,5,Manager,1,Single,18947,22822,3,No,12,3,4,0,22,2,2,2,2,2,1,EMP0030,1.0,1.0,1.0,0.5,Low,Medium,0,100.0,High,1,Developing Professional
35,0,Travel_Rarely,890,Sales,2,3,Marketing,4,Female,97,3,1,Sales Representative,4,Married,2014,9687,1,No,13,3,1,0,2,3,3,2,2,2,2,EMP0038,1.0,1.0,1.5,1.0,Low,Low,0,85.0,High,1,Developing Professional
27,0,Travel_Frequently,994,Sales,8,3,Life Sciences,4,Male,37,3,3,Sales Executive,3,Single,8726,2975,1,No,15,3,4,0,9,0,3,9,8,1,7,EMP0044,0.1111111111111111,0.8888888888888888,0.0,0.7777777777777778,High,High,0,77.77777777777777,High,1,Developing Professional
34,0,Non-Travel,1065,Sales,23,4,Marketing,2,Male,72,3,2,Sales Executive,3,Single,4568,10034,0,No,20,4,3,0,10,2,3,9,5,8,7,EMP0047,0.8888888888888888,0.5555555555555556,0.2222222222222222,0.7777777777777778,High,Medium,1,78.88888888888889,High,2,Experienced Professional
44,0,Travel_Rarely,1488,Sales,1,5,Marketing,2,Female,75,3,2,Sales Executive,1,Divorced,5454,4009,5,Yes,21,4,3,1,9,2,2,4,3,1,3,EMP0053,0.25,0.75,0.5,0.75,Low,Medium,0,68.75,High,1,Developing Professional
33,0,Travel_Frequently,515,Research & Development,1,2,Life Sciences,1,Female,98,3,3,Research Director,4,Single,13458,15146,1,Yes,12,3,3,0,15,1,3,15,14,8,12,EMP0056,0.5333333333333333,0.9333333333333332,0.0666666666666666,0.8,High,High,1,81.33333333333333,High,2,Experienced Professional
35,0,Travel_Rarely,1142,Research & Development,23,4,Medical,3,Female,30,3,1,Laboratory Technician,1,Married,4014,16002,3,Yes,15,3,3,1,4,3,3,2,2,2,2,EMP0058,1.0,1.0,1.5,1.0,Low,Low,0,100.0,High,1,Developing Professional
32,0,Travel_Rarely,427,Research & Development,1,3,Medical,1,Male,33,3,2,Manufacturing Director,4,Married,6162,10877,1,Yes,22,4,2,1,9,3,3,9,8,7,8,EMP0061,0.7777777777777778,0.8888888888888888,0.3333333333333333,0.8888888888888888,High,Low,1,71.1111111111111,High,2,Experienced Professional
38,0,Travel_Frequently,653,Research & Development,29,5,Life Sciences,4,Female,50,3,2,Laboratory Technician,4,Single,2406,5456,1,No,11,3,4,0,10,2,3,10,3,9,9,EMP0062,0.9,0.3,0.2,0.9,High,Medium,1,68.5,High,2,Experienced Professional
36,0,Travel_Rarely,1223,Research & Development,8,3,Technical Degree,3,Female,59,3,3,Healthcare Representative,3,Divorced,10096,8202,1,No,13,3,2,3,17,2,3,17,14,12,8,EMP0065,0.7058823529411765,0.8235294117647058,0.1176470588235294,0.4705882352941176,High,Medium,1,75.0,High,2,Experienced Professional
35,0,Travel_Frequently,664,Research & Development,1,3,Medical,2,Male,79,3,1,Research Scientist,1,Married,2194,5868,4,No,13,3,4,1,5,2,2,3,2,1,2,EMP0069,0.3333333333333333,0.6666666666666666,0.6666666666666666,0.6666666666666666,Low,Medium,0,68.33333333333333,High,1,Developing Professional
31,0,Travel_Rarely,1082,Research & Development,1,4,Medical,3,Male,87,3,1,Research Scientist,2,Single,2501,18775,1,No,17,3,2,0,1,4,3,1,1,1,0,EMP0073,1.0,1.0,4.0,0.0,Low,Low,0,80.0,High,0,Early-Career Explorer
35,0,Travel_Rarely,776,Sales,1,4,Marketing,3,Male,32,2,2,Sales Executive,1,Single,4312,23016,0,No,14,3,2,0,16,2,3,15,13,2,8,EMP0077,0.1333333333333333,0.8666666666666667,0.1333333333333333,0.5333333333333333,High,Medium,0,64.33333333333333,High,2,Experienced Professional
30,0,Travel_Rarely,288,Research & Development,2,3,Life Sciences,3,Male,99,2,2,Healthcare Representative,4,Married,4152,15830,1,No,19,3,1,3,11,3,3,11,10,10,8,EMP0089,0.9090909090909092,0.9090909090909092,0.2727272727272727,0.7272727272727273,High,Low,1,74.54545454545455,High,2,Experienced Professional
46,0,Travel_Frequently,638,Research & Development,1,3,Medical,3,Male,40,2,3,Healthcare Representative,1,Married,10673,3142,2,Yes,13,3,3,1,21,5,2,10,9,9,5,EMP0094,0.9,0.9,0.5,0.5,High,Low,1,85.5,High,2,Experienced Professional
32,0,Travel_Rarely,1093,Sales,6,4,Medical,2,Male,87,3,2,Sales Executive,3,Single,5010,24301,1,No,16,3,1,0,12,0,3,11,8,5,7,EMP0095,0.4545454545454545,0.7272727272727273,0.0,0.6363636363636364,High,High,1,84.54545454545455,High,2,Experienced Professional
25,0,Travel_Rarely,1280,Research & Development,7,1,Medical,4,Male,64,2,1,Research Scientist,4,Married,2889,26897,1,No,11,3,3,2,2,2,3,2,2,2,1,EMP0109,1.0,1.0,1.0,0.5,Low,Medium,0,87.5,High,1,Developing Professional
51,0,Travel_Frequently,1456,Research & Development,1,4,Medical,1,Female,30,2,3,Healthcare Representative,1,Single,7484,25796,3,No,20,4,3,0,23,1,2,13,12,12,8,EMP0111,0.9230769230769232,0.9230769230769232,0.0769230769230769,0.6153846153846154,High,High,1,100.0,High,2,Experienced Professional
54,0,Non-Travel,142,Human Resources,26,3,Human Resources,4,Female,30,4,4,Manager,4,Single,17328,13871,2,Yes,12,3,3,0,23,3,3,5,3,4,4,EMP0113,0.8,0.6,0.6,0.8,Medium,Low,1,62.0,High,2,Experienced Professional
34,0,Travel_Rarely,1354,Research & Development,5,3,Medical,3,Female,45,2,3,Manager,1,Single,11631,5615,2,No,12,3,4,0,14,6,3,11,10,5,8,EMP0117,0.4545454545454545,0.9090909090909092,0.5454545454545454,0.7272727272727273,High,Low,1,71.36363636363636,High,2,Experienced Professional
33,0,Non-Travel,750,Sales,22,2,Marketing,3,Male,95,3,2,Sales Executive,2,Married,6146,15480,0,No,13,3,1,1,8,2,4,7,7,0,7,EMP0122,0.0,1.0,0.2857142857142857,1.0,High,Medium,0,65.0,High,1,Developing Professional
51,0,Travel_Rarely,684,Research & Development,6,3,Life Sciences,1,Male,51,3,5,Research Director,3,Single,19537,6462,7,No,13,3,3,0,23,5,3,20,18,15,15,EMP0124,0.75,0.9,0.25,0.75,High,Low,1,73.25,High,2,Experienced Professional
26,0,Travel_Rarely,841,Research & Development,6,3,Other,3,Female,46,2,1,Research Scientist,2,Married,2368,23300,1,No,19,3,3,0,5,3,2,5,4,4,3,EMP0126,0.8,0.8,0.6,0.6,Medium,Low,1,75.0,High,1,Developing Professional
22,0,Travel_Rarely,594,Research & Development,2,1,Technical Degree,3,Male,100,3,1,Laboratory Technician,4,Married,2523,19299,0,No,14,3,3,1,3,2,3,2,1,2,1,EMP0129,1.0,0.5,1.0,0.5,Low,Medium,0,72.5,High,1,Developing Professional
49,0,Travel_Rarely,470,Research & Development,20,4,Medical,3,Female,96,3,2,Manufacturing Director,1,Married,6567,5549,1,No,14,3,3,0,16,2,2,15,11,5,11,EMP0130,0.3333333333333333,0.7333333333333333,0.1333333333333333,0.7333333333333333,High,Medium,1,71.33333333333333,High,2,Experienced Professional
50,0,Travel_Frequently,809,Sales,12,3,Marketing,3,Female,77,3,3,Sales Executive,4,Single,9208,6645,4,No,11,3,4,0,16,3,3,2,2,2,1,EMP0132,1.0,1.0,1.5,0.5,Low,Low,0,77.5,High,1,Developing Professional
26,0,Travel_Rarely,1355,Human Resources,25,1,Life Sciences,3,Female,61,3,1,Human Resources,3,Married,2942,8916,1,No,23,4,4,1,8,3,3,8,7,5,7,EMP0135,0.625,0.875,0.375,0.875,High,Low,1,69.375,High,1,Developing Professional
36,0,Travel_Rarely,216,Research & Development,6,2,Medical,2,Male,84,3,2,Manufacturing Director,2,Divorced,4941,2819,6,No,20,4,4,2,7,0,3,3,2,0,1,EMP0136,0.0,0.6666666666666666,0.0,0.3333333333333333,Low,Medium,0,65.0,High,1,Developing Professional
39,0,Travel_Rarely,1329,Sales,4,4,Life Sciences,4,Female,47,2,2,Sales Executive,3,Married,5902,14590,4,No,14,3,3,1,17,1,4,15,11,5,9,EMP0138,0.3333333333333333,0.7333333333333333,0.0666666666666666,0.6,High,High,1,69.33333333333333,High,2,Experienced Professional
25,0,Travel_Rarely,959,Sales,28,3,Life Sciences,1,Male,41,2,2,Sales Executive,3,Married,8639,24835,2,No,18,3,4,0,6,3,3,2,2,2,2,EMP0139,1.0,1.0,1.5,1.0,Low,Low,0,90.0,High,1,Developing Professional
38,0,Travel_Rarely,364,Research & Development,3,5,Technical Degree,4,Female,32,3,2,Research Scientist,3,Single,4317,2302,3,Yes,20,4,2,0,19,2,3,3,2,2,2,EMP0143,0.6666666666666666,0.6666666666666666,0.6666666666666666,0.6666666666666666,Low,Medium,0,71.66666666666666,High,1,Developing Professional
30,0,Travel_Rarely,201,Research & Development,5,3,Technical Degree,4,Female,84,3,1,Research Scientist,1,Divorced,3204,10415,5,No,14,3,4,1,8,3,3,3,2,2,2,EMP0146,0.6666666666666666,0.6666666666666666,1.0,0.6666666666666666,Low,Low,0,71.66666666666666,High,1,Developing Professional
41,0,Travel_Frequently,857,Research & Development,10,3,Life Sciences,4,Male,91,2,4,Manager,1,Divorced,17181,12888,4,No,13,3,2,1,21,2,2,7,6,7,7,EMP0148,1.0,0.8571428571428571,0.2857142857142857,1.0,High,Medium,1,100.0,High,2,Experienced Professional
53,0,Travel_Rarely,1436,Sales,6,2,Marketing,2,Male,34,3,2,Sales Representative,3,Married,2306,16047,2,Yes,20,4,4,1,13,3,1,7,7,4,5,EMP0153,0.5714285714285714,1.0,0.4285714285714285,0.7142857142857143,High,Low,1,68.57142857142857,High,1,Developing Professional
32,0,Travel_Frequently,967,Sales,8,3,Marketing,2,Female,43,3,3,Sales Executive,4,Single,8998,15589,1,No,14,3,4,0,9,2,3,9,8,3,7,EMP0155,0.3333333333333333,0.8888888888888888,0.2222222222222222,0.7777777777777778,High,Medium,1,61.66666666666666,High,2,Experienced Professional
22,0,Travel_Rarely,1256,Research & Development,19,1,Medical,3,Male,80,3,1,Research Scientist,4,Married,2323,11992,1,No,24,4,1,2,2,6,3,2,2,2,2,EMP0161,1.0,1.0,3.0,1.0,Low,Low,0,85.0,High,1,Developing Professional
27,0,Non-Travel,691,Research & Development,9,3,Medical,4,Male,57,3,1,Research Scientist,2,Divorced,2024,5970,6,No,18,3,4,1,6,1,1,2,2,2,2,EMP0162,1.0,1.0,0.5,1.0,Low,Medium,0,100.0,High,1,Developing Professional
27,0,Non-Travel,1450,Research & Development,3,3,Medical,3,Male,79,2,1,Research Scientist,3,Divorced,2566,25326,1,Yes,15,3,4,1,1,2,2,1,1,0,1,EMP0165,0.0,1.0,2.0,1.0,Low,Medium,0,60.0,High,1,Developing Professional
50,0,Travel_Rarely,1452,Research & Development,11,3,Life Sciences,3,Female,53,3,5,Manager,2,Single,19926,17053,3,No,15,3,2,0,21,5,3,5,4,4,4,EMP0166,0.8,0.8,1.0,0.8,Medium,Low,1,78.0,High,2,Experienced Professional
30,0,Travel_Rarely,1339,Sales,5,3,Life Sciences,2,Female,41,3,3,Sales Executive,4,Married,9419,8053,2,No,12,3,3,1,12,2,3,10,9,7,4,EMP0168,0.7,0.9,0.2,0.4,High,Medium,1,71.0,High,2,Experienced Professional
36,0,Travel_Frequently,1480,Research & Development,3,2,Medical,4,Male,30,3,1,Laboratory Technician,2,Single,2088,15062,4,No,12,3,3,0,13,3,2,8,7,7,2,EMP0173,0.875,0.875,0.375,0.25,High,Low,1,75.0,High,1,Developing Professional
30,0,Non-Travel,111,Research & Development,9,3,Medical,3,Male,66,3,2,Laboratory Technician,1,Divorced,3072,11012,1,No,11,3,3,2,12,4,3,12,9,6,10,EMP0174,0.5,0.75,0.3333333333333333,0.8333333333333334,High,Low,1,70.0,High,2,Experienced Professional
56,0,Travel_Rarely,713,Research & Development,8,3,Life Sciences,3,Female,67,3,1,Research Scientist,1,Divorced,4257,13939,4,Yes,18,3,3,1,19,3,3,2,2,2,2,EMP0176,1.0,1.0,1.5,1.0,Low,Low,0,100.0,High,1,Developing Professional
46,0,Travel_Rarely,526,Sales,1,2,Marketing,2,Female,92,3,3,Sales Executive,1,Divorced,10453,2137,1,No,25,4,3,3,24,2,3,24,13,15,7,EMP0179,0.625,0.5416666666666666,0.0833333333333333,0.2916666666666667,High,Medium,1,70.625,High,2,Experienced Professional
38,0,Travel_Rarely,1380,Research & Development,9,2,Life Sciences,3,Female,75,3,1,Laboratory Technician,4,Single,2288,6319,1,No,12,3,3,0,2,3,3,2,2,2,1,EMP0180,1.0,1.0,1.5,0.5,Low,Low,0,77.5,High,1,Developing Professional
45,0,Non-Travel,1195,Research & Development,2,2,Medical,1,Male,65,2,4,Manager,4,Married,16792,20462,9,No,23,4,4,1,22,1,3,20,8,11,8,EMP0195,0.55,0.4,0.05,0.4,High,High,1,60.0,High,2,Experienced Professional
27,0,Travel_Frequently,472,Research & Development,1,1,Technical Degree,3,Male,60,2,2,Manufacturing Director,1,Married,4298,9679,5,No,19,3,3,1,6,1,3,2,2,2,0,EMP0201,1.0,1.0,0.5,0.0,Low,Medium,0,100.0,High,1,Developing Professional
49,0,Non-Travel,1002,Research & Development,18,4,Life Sciences,4,Male,92,3,2,Manufacturing Director,4,Divorced,6804,23793,1,Yes,15,3,1,2,7,0,3,7,7,1,7,EMP0202,0.1428571428571428,1.0,0.0,1.0,High,High,0,80.71428571428572,High,1,Developing Professional
22,0,Travel_Rarely,1136,Research & Development,5,3,Life Sciences,4,Male,60,4,1,Research Scientist,2,Divorced,2328,12392,1,Yes,16,3,1,1,4,2,2,4,2,2,2,EMP0207,0.5,0.5,0.5,0.5,Low,Medium,0,62.5,High,1,Developing Professional
30,0,Non-Travel,829,Research & Development,1,1,Life Sciences,3,Male,88,2,3,Manufacturing Director,3,Single,8474,20925,1,No,22,4,3,0,12,2,3,11,8,5,8,EMP0212,0.4545454545454545,0.7272727272727273,0.1818181818181818,0.7272727272727273,High,Medium,1,65.9090909090909,High,2,Experienced Professional
27,0,Travel_Frequently,1242,Sales,20,3,Life Sciences,4,Female,90,3,2,Sales Executive,3,Single,9981,12916,1,No,14,3,4,0,7,2,3,7,7,0,7,EMP0213,0.0,1.0,0.2857142857142857,1.0,High,Medium,0,60.0,High,1,Developing Professional
51,0,Travel_Rarely,1469,Research & Development,8,4,Life Sciences,2,Male,81,2,3,Research Director,2,Married,12490,15736,5,No,16,3,4,2,16,5,1,10,9,4,7,EMP0214,0.4,0.9,0.5,0.7,High,Low,1,63.5,High,2,Experienced Professional
37,0,Travel_Frequently,319,Sales,4,4,Marketing,1,Male,41,3,1,Sales Representative,4,Divorced,2793,2539,4,No,17,3,3,1,13,2,3,9,8,5,8,EMP0227,0.5555555555555556,0.8888888888888888,0.2222222222222222,0.8888888888888888,High,Medium,1,72.22222222222221,High,2,Experienced Professional
52,0,Travel_Rarely,1323,Research & Development,2,3,Life Sciences,3,Female,89,2,1,Laboratory Technician,4,Single,3212,3300,7,No,15,3,2,0,6,3,2,2,2,2,2,EMP0231,1.0,1.0,1.5,1.0,Low,Low,0,85.0,High,1,Developing Professional
59,0,Travel_Rarely,818,Human Resources,6,2,Medical,2,Male,52,3,1,Human Resources,3,Married,2267,25657,8,No,17,3,4,0,7,2,2,2,2,2,2,EMP0233,1.0,1.0,1.0,1.0,Low,Medium,0,100.0,High,1,Developing Professional
39,0,Travel_Rarely,1431,Research & Development,1,4,Medical,3,Female,96,3,1,Laboratory Technician,3,Divorced,2232,15417,7,No,14,3,3,3,7,1,3,3,2,1,2,EMP0241,0.3333333333333333,0.6666666666666666,0.3333333333333333,0.6666666666666666,Low,Medium,0,68.33333333333333,High,1,Developing Professional
32,0,Non-Travel,976,Sales,26,4,Marketing,3,Male,100,3,2,Sales Executive,4,Married,4465,12069,0,No,18,3,1,0,4,2,3,3,2,2,2,EMP0242,0.6666666666666666,0.6666666666666666,0.6666666666666666,0.6666666666666666,Low,Medium,0,66.66666666666666,High,1,Developing Professional
31,0,Travel_Frequently,1327,Research & Development,3,4,Medical,2,Male,73,3,3,Research Director,3,Divorced,13675,13523,9,No,12,3,1,1,9,3,3,2,2,2,2,EMP0246,1.0,1.0,1.5,1.0,Low,Low,0,90.0,High,1,Developing Professional
34,0,Travel_Rarely,470,Research & Development,2,4,Life Sciences,4,Male,84,2,2,Manufacturing Director,1,Married,5957,23687,6,No,13,3,2,1,13,3,3,11,9,5,9,EMP0248,0.4545454545454545,0.8181818181818182,0.2727272727272727,0.8181818181818182,High,Low,1,70.0,High,2,Experienced Professional
39,0,Travel_Frequently,505,Research & Development,2,4,Technical Degree,3,Female,64,3,3,Healthcare Representative,3,Single,10938,6420,0,No,25,4,4,0,20,1,3,19,6,11,8,EMP0252,0.5789473684210527,0.3157894736842105,0.0526315789473684,0.4210526315789473,High,High,1,63.94736842105264,High,2,Experienced Professional
29,0,Travel_Rarely,665,Research & Development,15,3,Life Sciences,3,Male,60,3,1,Research Scientist,4,Single,2340,22673,1,No,19,3,1,0,6,1,3,6,5,1,5,EMP0253,0.1666666666666666,0.8333333333333334,0.1666666666666666,0.8333333333333334,Medium,High,0,64.16666666666666,High,1,Developing Professional
42,0,Travel_Rarely,916,Research & Development,17,2,Life Sciences,4,Female,82,4,2,Research Scientist,1,Single,6545,23016,3,Yes,13,3,3,0,10,1,3,3,2,0,2,EMP0254,0.0,0.6666666666666666,0.3333333333333333,0.6666666666666666,Low,Medium,0,65.0,High,1,Developing Professional
42,0,Travel_Rarely,269,Research & Development,2,3,Medical,4,Female,56,2,1,Laboratory Technician,1,Divorced,2593,8007,0,Yes,11,3,3,1,10,4,3,9,6,7,8,EMP0257,0.7777777777777778,0.6666666666666666,0.4444444444444444,0.8888888888888888,High,Low,1,79.44444444444444,High,2,Experienced Professional
38,0,Non-Travel,1327,Sales,2,2,Life Sciences,4,Male,39,2,2,Sales Executive,4,Married,5249,19682,3,No,18,3,4,1,13,0,3,8,7,7,5,EMP0262,0.875,0.875,0.0,0.625,High,High,1,100.0,High,2,Experienced Professional
46,0,Travel_Rarely,488,Sales,2,3,Technical Degree,3,Female,75,1,4,Manager,2,Married,16872,14977,3,Yes,12,3,2,1,28,2,2,7,7,7,7,EMP0264,1.0,1.0,0.2857142857142857,1.0,High,Medium,1,100.0,High,2,Experienced Professional
36,0,Travel_Rarely,1403,Research & Development,6,3,Life Sciences,4,Male,47,3,1,Laboratory Technician,4,Married,3210,20251,0,No,11,3,3,1,16,4,3,15,13,10,11,EMP0270,0.6666666666666666,0.8666666666666667,0.2666666666666666,0.7333333333333333,High,Low,1,63.66666666666666,High,2,Experienced Professional
35,0,Travel_Rarely,1315,Research & Development,22,3,Life Sciences,2,Female,71,4,3,Manager,2,Divorced,11996,19100,7,No,18,3,2,1,10,6,2,7,7,6,2,EMP0277,0.8571428571428571,1.0,0.8571428571428571,0.2857142857142857,High,Low,1,78.57142857142857,High,2,Experienced Professional
38,0,Travel_Rarely,322,Sales,7,2,Medical,1,Female,44,4,2,Sales Executive,1,Divorced,5605,19191,1,Yes,24,4,3,1,8,3,3,8,0,7,7,EMP0278,0.875,0.0,0.375,0.875,High,Low,0,63.125,High,1,Developing Professional
26,0,Travel_Frequently,496,Research & Development,11,2,Medical,1,Male,60,3,2,Healthcare Representative,1,Married,4741,22722,1,Yes,13,3,3,1,5,3,3,5,3,3,3,EMP0285,0.6,0.6,0.6,0.6,Medium,Low,1,66.0,High,1,Developing Professional
38,0,Travel_Rarely,688,Research & Development,23,4,Life Sciences,4,Male,82,3,2,Healthcare Representative,4,Divorced,5745,18899,9,No,14,3,2,1,10,2,3,2,2,1,2,EMP0288,0.5,1.0,1.0,1.0,Low,Medium,0,75.0,High,1,Developing Professional
36,0,Travel_Rarely,506,Research & Development,3,3,Technical Degree,3,Male,30,3,2,Research Scientist,2,Single,4485,26285,4,No,12,3,4,0,10,2,3,8,0,7,7,EMP0292,0.875,0.0,0.25,0.875,High,Medium,0,68.125,High,1,Developing Professional
31,0,Travel_Frequently,444,Sales,5,3,Marketing,4,Female,84,3,1,Sales Representative,2,Divorced,2789,3909,1,No,11,3,3,1,2,5,2,2,2,2,2,EMP0293,1.0,1.0,2.5,1.0,Low,Low,0,95.0,High,1,Developing Professional
35,0,Travel_Rarely,1232,Sales,16,3,Marketing,3,Male,96,3,3,Sales Executive,2,Married,8020,5100,0,No,15,3,3,2,12,3,2,11,9,6,9,EMP0298,0.5454545454545454,0.8181818181818182,0.2727272727272727,0.8181818181818182,High,Low,1,68.63636363636363,High,2,Experienced Professional
31,0,Travel_Rarely,218,Sales,7,3,Technical Degree,2,Male,100,4,2,Sales Executive,4,Married,6929,12241,4,No,11,3,2,1,10,3,2,8,7,7,7,EMP0304,0.875,0.875,0.375,0.875,High,Low,1,74.375,High,2,Experienced Professional
31,0,Travel_Rarely,106,Human Resources,2,3,Human Resources,1,Male,62,2,2,Human Resources,1,Married,6410,17822,3,No,12,3,4,0,9,1,3,2,2,1,0,EMP0311,0.5,1.0,0.5,0.0,Low,Medium,0,85.0,High,1,Developing Professional
31,0,Travel_Rarely,192,Research & Development,2,4,Life Sciences,3,Male,32,3,1,Research Scientist,4,Divorced,2695,7747,0,Yes,18,3,2,1,3,2,1,2,2,2,2,EMP0313,1.0,1.0,1.0,1.0,Low,Medium,0,95.0,High,1,Developing Professional
33,0,Travel_Frequently,553,Research & Development,5,4,Life Sciences,4,Female,74,3,3,Manager,2,Married,11878,23364,6,No,11,3,2,2,12,2,3,10,6,8,8,EMP0314,0.8,0.6,0.2,0.8,High,Medium,1,82.0,High,2,Experienced Professional
27,0,Travel_Rarely,1220,Research & Development,5,3,Life Sciences,3,Female,85,3,1,Research Scientist,2,Single,2478,20938,1,Yes,12,3,2,0,4,2,2,4,3,1,2,EMP0319,0.25,0.75,0.5,0.5,Low,Medium,0,60.0,High,1,Developing Professional
32,0,Travel_Rarely,588,Sales,8,2,Technical Degree,3,Female,65,2,2,Sales Executive,2,Married,5228,24624,1,Yes,11,3,4,0,13,2,3,13,12,11,9,EMP0320,0.8461538461538461,0.9230769230769232,0.1538461538461538,0.6923076923076923,High,Medium,1,91.92307692307692,High,2,Experienced Professional
32,0,Travel_Rarely,1018,Research & Development,2,4,Medical,1,Female,74,4,2,Research Scientist,4,Single,5055,10557,7,No,16,3,3,0,10,0,2,7,7,0,7,EMP0323,0.0,1.0,0.0,1.0,High,High,0,75.0,High,1,Developing Professional
31,0,Travel_Frequently,798,Research & Development,7,2,Life Sciences,3,Female,48,2,3,Manufacturing Director,3,Married,8943,14034,1,No,24,4,1,1,10,2,3,10,9,8,9,EMP0326,0.8,0.9,0.2,0.9,High,Medium,1,87.5,High,2,Experienced Professional
27,0,Non-Travel,210,Sales,1,1,Marketing,3,Male,73,3,2,Sales Executive,2,Married,6349,22107,0,Yes,13,3,4,1,6,0,3,5,4,1,4,EMP0332,0.2,0.8,0.0,0.8,Medium,High,0,84.0,High,1,Developing Professional
45,0,Travel_Rarely,549,Research & Development,8,4,Other,4,Male,75,3,2,Research Scientist,4,Married,3697,9278,9,No,14,3,1,2,12,3,3,10,9,9,8,EMP0335,0.9,0.9,0.3,0.8,High,Low,1,75.0,High,2,Experienced Professional
29,0,Travel_Rarely,738,Research & Development,9,5,Other,2,Male,30,2,1,Laboratory Technician,4,Single,3983,7621,0,No,17,3,3,0,4,2,3,3,2,2,2,EMP0338,0.6666666666666666,0.6666666666666666,0.6666666666666666,0.6666666666666666,Low,Medium,0,66.66666666666666,High,1,Developing Professional
31,0,Travel_Rarely,1232,Research & Development,7,4,Medical,3,Female,39,3,3,Manufacturing Director,4,Single,7143,25713,1,Yes,14,3,3,0,11,2,2,11,9,4,10,EMP0343,0.3636363636363636,0.8181818181818182,0.1818181818181818,0.9090909090909092,High,Medium,1,62.727272727272734,High,2,Experienced Professional
29,0,Travel_Rarely,144,Sales,10,1,Marketing,4,Female,39,2,2,Sales Executive,2,Divorced,8268,11866,1,Yes,14,3,1,2,7,2,3,7,7,1,7,EMP0344,0.1428571428571428,1.0,0.2857142857142857,1.0,High,Medium,0,70.71428571428572,High,1,Developing Professional
37,0,Travel_Rarely,1319,Research & Development,6,3,Medical,3,Male,51,4,2,Research Scientist,1,Divorced,5974,17001,4,Yes,13,3,1,2,13,2,3,7,7,6,7,EMP0354,0.8571428571428571,1.0,0.2857142857142857,1.0,High,Medium,1,100.0,High,2,Experienced Professional
30,0,Non-Travel,641,Sales,25,2,Technical Degree,4,Female,85,3,2,Sales Executive,3,Married,4736,6069,7,Yes,12,3,2,1,4,2,4,2,2,2,2,EMP0355,1.0,1.0,1.0,1.0,Low,Medium,0,100.0,High,1,Developing Professional
26,0,Travel_Rarely,933,Sales,1,3,Life Sciences,3,Male,57,3,2,Sales Executive,3,Married,5296,20156,1,No,17,3,2,1,8,3,3,8,7,7,7,EMP0356,0.875,0.875,0.375,0.875,High,Low,1,79.375,High,2,Experienced Professional
31,0,Travel_Rarely,408,Research & Development,9,4,Life Sciences,3,Male,42,2,1,Research Scientist,2,Single,2657,7551,0,Yes,16,3,4,0,3,5,3,2,2,2,2,EMP0370,1.0,1.0,2.5,1.0,Low,Low,0,95.0,High,1,Developing Professional
36,0,Travel_Rarely,329,Research & Development,2,3,Life Sciences,4,Female,96,3,1,Research Scientist,3,Married,2543,11868,4,No,13,3,2,1,6,3,3,2,2,2,2,EMP0378,1.0,1.0,1.5,1.0,Low,Low,0,90.0,High,1,Developing Professional
22,0,Travel_Rarely,253,Research & Development,11,3,Medical,1,Female,43,3,1,Research Scientist,2,Married,2244,24440,1,No,13,3,4,1,2,1,3,2,1,1,2,EMP0384,0.5,0.5,0.5,1.0,Low,Medium,0,80.0,High,1,Developing Professional
36,0,Travel_Rarely,164,Sales,2,2,Medical,2,Male,61,2,3,Sales Executive,3,Married,7596,3809,1,No,13,3,2,2,10,2,3,10,9,9,0,EMP0385,0.9,0.9,0.2,0.0,High,Medium,1,78.0,High,2,Experienced Professional
37,0,Travel_Rarely,1107,Research & Development,14,3,Life Sciences,4,Female,95,3,1,Laboratory Technician,1,Divorced,3034,26914,1,No,12,3,3,1,18,2,2,18,7,12,17,EMP0387,0.6666666666666666,0.3888888888888889,0.1111111111111111,0.9444444444444444,High,Medium,1,77.5,High,2,Experienced Professional
31,0,Travel_Rarely,480,Research & Development,7,2,Medical,2,Female,31,3,2,Manufacturing Director,1,Married,4306,4156,1,No,12,3,2,1,13,5,1,13,10,3,12,EMP0395,0.2307692307692307,0.7692307692307693,0.3846153846153846,0.9230769230769232,High,Low,1,61.15384615384615,High,2,Experienced Professional
43,0,Travel_Frequently,313,Research & Development,21,3,Medical,4,Male,61,3,1,Laboratory Technician,4,Married,2258,15238,7,No,20,4,1,1,8,1,3,3,2,1,2,EMP0396,0.3333333333333333,0.6666666666666666,0.3333333333333333,0.6666666666666666,Low,Medium,0,63.33333333333333,High,1,Developing Professional
37,0,Non-Travel,1063,Research & Development,25,5,Medical,2,Female,72,3,2,Research Scientist,3,Married,4449,23866,3,Yes,15,3,1,2,15,2,3,13,11,10,7,EMP0399,0.7692307692307693,0.8461538461538461,0.1538461538461538,0.5384615384615384,High,Medium,1,79.23076923076923,High,2,Experienced Professional
31,0,Travel_Rarely,329,Research & Development,1,2,Life Sciences,4,Male,98,2,1,Laboratory Technician,1,Married,2218,16193,1,No,12,3,3,1,4,3,3,4,2,3,2,EMP0400,0.75,0.5,0.75,0.5,Medium,Low,0,67.5,High,1,Developing Professional
56,0,Travel_Frequently,906,Sales,6,3,Life Sciences,3,Female,86,4,4,Sales Executive,1,Married,13212,18256,9,No,11,3,4,3,36,0,2,7,7,7,7,EMP0402,1.0,1.0,0.0,1.0,High,High,1,100.0,High,2,Experienced Professional
30,0,Travel_Rarely,1082,Sales,12,3,Technical Degree,2,Female,83,3,2,Sales Executive,3,Single,6577,19558,0,No,11,3,2,0,6,6,3,5,4,4,4,EMP0403,0.8,0.8,1.2,0.8,Medium,Low,1,73.0,High,1,Developing Professional
30,0,Non-Travel,1398,Sales,22,4,Other,3,Female,69,3,3,Sales Executive,1,Married,8412,2890,0,No,11,3,3,0,10,3,3,9,8,7,8,EMP0424,0.7777777777777778,0.8888888888888888,0.3333333333333333,0.8888888888888888,High,Low,1,86.1111111111111,High,2,Experienced Professional
30,0,Non-Travel,1116,Research & Development,2,3,Medical,3,Female,49,3,1,Laboratory Technician,4,Single,2564,7181,0,No,14,3,3,0,12,2,2,11,7,6,7,EMP0427,0.5454545454545454,0.6363636363636364,0.1818181818181818,0.6363636363636364,High,Medium,1,60.45454545454545,High,2,Experienced Professional
60,0,Travel_Frequently,1499,Sales,28,3,Marketing,3,Female,80,2,3,Sales Executive,1,Married,10266,2845,4,No,19,3,4,0,22,5,4,18,13,13,11,EMP0428,0.7222222222222222,0.7222222222222222,0.2777777777777778,0.6111111111111112,High,Low,1,74.72222222222223,High,2,Experienced Professional
35,0,Travel_Rarely,144,Research & Development,22,3,Life Sciences,4,Male,46,1,1,Laboratory Technician,3,Single,4230,19225,0,No,15,3,3,0,6,2,3,5,4,4,3,EMP0431,0.8,0.8,0.4,0.6,Medium,Medium,1,80.0,High,1,Developing Professional
34,0,Travel_Rarely,1303,Research & Development,2,4,Life Sciences,4,Male,62,2,1,Research Scientist,3,Divorced,2768,8416,3,No,12,3,3,1,14,3,3,7,3,5,7,EMP0433,0.7142857142857143,0.4285714285714285,0.4285714285714285,1.0,High,Low,1,61.42857142857143,High,1,Developing Professional
42,0,Travel_Frequently,1474,Research & Development,5,2,Other,2,Male,97,3,1,Laboratory Technician,3,Married,2093,9260,4,No,17,3,4,1,8,4,3,2,2,2,0,EMP0442,1.0,1.0,2.0,0.0,Low,Low,0,75.0,High,1,Developing Professional
48,0,Travel_Rarely,163,Sales,2,5,Marketing,2,Female,37,3,2,Sales Executive,4,Married,4051,19658,2,No,14,3,1,1,14,2,3,9,7,6,7,EMP0445,0.6666666666666666,0.7777777777777778,0.2222222222222222,0.7777777777777778,High,Medium,1,71.66666666666666,High,2,Experienced Professional
55,0,Travel_Rarely,1117,Sales,18,5,Life Sciences,1,Female,83,3,4,Manager,2,Single,16835,9873,3,No,23,4,4,0,37,2,3,10,9,7,7,EMP0446,0.7,0.9,0.2,0.7,High,Medium,1,85.5,High,2,Experienced Professional
35,0,Travel_Rarely,619,Sales,1,3,Marketing,2,Male,85,3,2,Sales Executive,3,Married,4717,18659,9,No,11,3,3,0,15,2,3,11,9,6,9,EMP0448,0.5454545454545454,0.8181818181818182,0.1818181818181818,0.8181818181818182,High,Medium,1,73.63636363636363,High,2,Experienced Professional
42,0,Travel_Rarely,319,Research & Development,24,3,Medical,4,Male,56,3,3,Manufacturing Director,1,Married,7406,6950,1,Yes,21,4,4,1,10,5,2,10,9,5,8,EMP0452,0.5,0.9,0.5,0.8,High,Low,1,74.0,High,2,Experienced Professional
45,0,Travel_Rarely,561,Sales,2,3,Other,4,Male,61,3,2,Sales Executive,2,Married,4805,16177,0,No,19,3,2,1,9,3,4,8,7,3,7,EMP0453,0.375,0.875,0.375,0.875,High,Low,1,64.375,High,1,Developing Professional
46,0,Travel_Frequently,1034,Research & Development,18,1,Medical,1,Female,86,3,3,Healthcare Representative,3,Married,10527,8984,5,No,11,3,4,0,28,3,2,2,2,1,2,EMP0466,0.5,1.0,1.5,1.0,Low,Low,0,70.0,High,1,Developing Professional
41,0,Travel_Rarely,1276,Sales,2,5,Life Sciences,2,Female,91,3,4,Manager,1,Married,16595,5626,7,No,16,3,2,1,22,2,3,18,16,11,8,EMP0467,0.6111111111111112,0.8888888888888888,0.1111111111111111,0.4444444444444444,High,Medium,1,82.77777777777777,High,2,Experienced Professional
37,0,Non-Travel,142,Sales,9,4,Medical,1,Male,69,3,3,Sales Executive,2,Divorced,8834,24666,1,No,13,3,4,1,9,6,3,9,5,7,7,EMP0468,0.7777777777777778,0.5555555555555556,0.6666666666666666,0.7777777777777778,High,Low,1,69.44444444444444,High,2,Experienced Professional
52,0,Travel_Rarely,956,Research & Development,6,2,Technical Degree,4,Male,78,3,2,Research Scientist,1,Divorced,5577,22087,3,Yes,12,3,2,2,18,3,3,10,9,6,9,EMP0469,0.6,0.9,0.3,0.9,High,Low,1,79.5,High,2,Experienced Professional
24,0,Travel_Frequently,535,Sales,24,3,Medical,4,Male,38,3,1,Sales Representative,4,Married,2400,5530,0,No,13,3,3,2,3,3,3,2,2,2,1,EMP0471,1.0,1.0,1.5,0.5,Low,Low,0,77.5,High,1,Developing Professional
37,0,Travel_Rarely,446,Research & Development,1,4,Life Sciences,2,Female,65,3,2,Manufacturing Director,2,Married,6447,15701,6,No,12,3,2,1,8,2,2,6,5,4,3,EMP0473,0.6666666666666666,0.8333333333333334,0.3333333333333333,0.5,Medium,Medium,1,79.16666666666666,High,1,Developing Professional
31,0,Travel_Rarely,525,Sales,6,4,Medical,1,Male,66,4,2,Sales Executive,4,Divorced,5460,6219,4,No,22,4,4,2,13,4,4,7,7,5,7,EMP0485,0.7142857142857143,1.0,0.5714285714285714,1.0,High,Low,1,73.57142857142857,High,2,Experienced Professional
43,0,Travel_Frequently,1001,Research & Development,9,5,Medical,4,Male,72,3,2,Laboratory Technician,3,Divorced,5679,19627,3,Yes,13,3,2,1,10,3,3,8,7,4,7,EMP0492,0.5,0.875,0.375,0.875,High,Low,1,64.375,High,1,Developing Professional
44,0,Travel_Rarely,1112,Human Resources,1,4,Life Sciences,1,Female,50,2,2,Human Resources,3,Single,5985,26894,4,No,11,3,2,0,10,1,4,2,2,0,2,EMP0494,0.0,1.0,0.5,1.0,Low,Medium,0,70.0,High,1,Developing Professional
22,0,Travel_Rarely,604,Research & Development,6,1,Medical,1,Male,69,3,1,Research Scientist,3,Married,2773,12145,0,No,20,4,4,0,3,3,3,2,2,2,2,EMP0499,1.0,1.0,1.5,1.0,Low,Low,0,90.0,High,1,Developing Professional
53,0,Travel_Rarely,238,Sales,1,1,Medical,4,Female,34,3,2,Sales Executive,1,Single,8381,7507,7,No,20,4,4,0,18,2,4,14,7,8,10,EMP0503,0.5714285714285714,0.5,0.1428571428571428,0.7142857142857143,High,Medium,1,73.57142857142857,High,2,Experienced Professional
34,0,Travel_Rarely,1397,Research & Development,1,5,Life Sciences,2,Male,42,3,1,Research Scientist,4,Married,2691,7660,1,No,12,3,4,1,10,4,2,10,9,8,8,EMP0504,0.8,0.9,0.4,0.8,High,Low,1,71.0,High,2,Experienced Professional
37,0,Travel_Rarely,482,Research & Development,3,3,Other,3,Male,36,3,3,Manufacturing Director,3,Married,9434,9606,1,No,15,3,3,1,10,2,3,10,7,7,8,EMP0507,0.7,0.7,0.2,0.8,High,Medium,1,76.0,High,2,Experienced Professional
54,0,Travel_Rarely,397,Human Resources,19,4,Medical,3,Male,88,3,3,Human Resources,2,Married,10725,6729,2,No,15,3,3,1,16,1,4,9,7,7,1,EMP0511,0.7777777777777778,0.7777777777777778,0.1111111111111111,0.1111111111111111,High,High,1,86.11111111111111,High,2,Experienced Professional
48,0,Travel_Rarely,817,Sales,2,1,Marketing,2,Male,56,4,2,Sales Executive,2,Married,8120,18597,3,No,12,3,4,0,12,3,3,2,2,2,2,EMP0521,1.0,1.0,1.5,1.0,Low,Low,0,95.0,High,1,Developing Professional
34,0,Travel_Rarely,1442,Research & Development,9,3,Medical,4,Female,46,2,3,Healthcare Representative,2,Single,8621,17654,1,No,14,3,2,0,9,3,4,8,7,7,7,EMP0525,0.875,0.875,0.375,0.875,High,Low,1,84.375,High,2,Experienced Professional
32,0,Travel_Rarely,1018,Research & Development,3,2,Life Sciences,3,Female,39,3,3,Research Director,4,Single,11159,19373,3,No,15,3,4,0,10,6,3,7,7,7,7,EMP0532,1.0,1.0,0.8571428571428571,1.0,High,Low,1,85.0,High,2,Experienced Professional
47,0,Travel_Rarely,703,Sales,14,4,Marketing,4,Male,42,3,2,Sales Executive,1,Single,4960,11825,2,No,12,3,4,0,20,2,3,7,7,1,7,EMP0533,0.1428571428571428,1.0,0.2857142857142857,1.0,High,Medium,0,75.71428571428572,High,1,Developing Professional
60,0,Travel_Rarely,1179,Sales,16,4,Marketing,1,Male,84,3,2,Sales Executive,1,Single,5405,11924,8,No,14,3,4,0,10,1,3,2,2,2,2,EMP0537,1.0,1.0,0.5,1.0,Low,Medium,0,100.0,High,1,Developing Professional
50,0,Travel_Rarely,316,Sales,8,4,Marketing,4,Male,54,3,1,Sales Representative,2,Married,3875,9983,7,No,15,3,4,1,4,2,3,2,2,2,2,EMP0540,1.0,1.0,1.0,1.0,Low,Medium,0,100.0,High,1,Developing Professional
36,0,Non-Travel,427,Research & Development,8,3,Life Sciences,1,Female,63,4,3,Research Director,1,Married,11713,20335,9,No,14,3,1,1,10,2,3,8,7,0,5,EMP0542,0.0,0.875,0.25,0.625,High,Medium,0,60.625,High,1,Developing Professional
30,0,Travel_Rarely,501,Sales,27,5,Marketing,3,Male,99,3,2,Sales Executive,4,Divorced,5304,25275,7,No,23,4,4,1,10,2,2,8,7,7,7,EMP0546,0.875,0.875,0.25,0.875,High,Medium,1,84.375,High,2,Experienced Professional
43,0,Travel_Frequently,775,Sales,15,3,Life Sciences,4,Male,47,2,2,Sales Executive,4,Married,6804,23683,3,No,18,3,3,1,7,5,3,2,2,2,2,EMP0549,1.0,1.0,2.5,1.0,Low,Low,0,85.0,High,1,Developing Professional
34,0,Travel_Rarely,970,Research & Development,8,2,Medical,2,Female,96,3,2,Healthcare Representative,3,Single,6142,7360,3,No,11,3,4,0,10,2,3,5,1,4,3,EMP0550,0.8,0.2,0.4,0.6,Medium,Medium,0,62.0,High,1,Developing Professional
27,0,Travel_Rarely,975,Research & Development,7,3,Medical,4,Female,55,2,2,Healthcare Representative,1,Single,6811,23398,8,No,19,3,1,0,9,2,1,7,6,0,7,EMP0555,0.0,0.8571428571428571,0.2857142857142857,1.0,Medium,Medium,0,65.71428571428571,High,1,Developing Professional
29,0,Travel_Rarely,1090,Sales,10,3,Marketing,4,Male,83,3,1,Sales Representative,2,Divorced,2297,17967,1,No,14,3,4,2,2,2,3,2,2,2,2,EMP0556,1.0,1.0,1.0,1.0,Low,Medium,0,100.0,High,1,Developing Professional
53,0,Travel_Rarely,346,Research & Development,6,3,Life Sciences,4,Male,86,3,2,Laboratory Technician,4,Single,2450,10919,2,No,17,3,4,0,19,4,3,2,2,2,2,EMP0557,1.0,1.0,2.0,1.0,Low,Low,0,85.0,High,1,Developing Professional
32,0,Travel_Frequently,430,Research & Development,24,4,Life Sciences,1,Male,80,3,2,Laboratory Technician,4,Married,5309,21146,1,No,15,3,4,2,10,2,3,10,8,4,7,EMP0559,0.4,0.8,0.2,0.7,High,Medium,1,60.5,High,2,Experienced Professional
36,0,Non-Travel,1434,Sales,8,4,Life Sciences,1,Male,76,2,3,Sales Executive,1,Single,7587,14229,1,No,15,3,2,0,10,1,3,10,7,0,9,EMP0570,0.0,0.7,0.1,0.9,High,High,0,69.5,High,1,Developing Professional
26,0,Travel_Frequently,575,Research & Development,1,2,Life Sciences,1,Female,71,1,1,Laboratory Technician,4,Divorced,4364,5288,3,No,14,3,1,1,5,2,3,2,2,2,0,EMP0572,1.0,1.0,1.0,0.0,Low,Medium,0,80.0,High,1,Developing Professional
37,0,Travel_Rarely,571,Research & Development,10,1,Life Sciences,4,Female,82,3,1,Research Scientist,1,Divorced,2782,19905,0,Yes,13,3,2,2,6,3,2,5,3,4,3,EMP0578,0.8,0.6,0.6,0.6,Medium,Low,1,74.0,High,1,Developing Professional
38,0,Travel_Frequently,240,Research & Development,2,4,Life Sciences,1,Female,75,4,2,Manufacturing Director,1,Single,5980,26085,6,Yes,12,3,4,0,17,2,3,15,7,4,12,EMP0579,0.2666666666666666,0.4666666666666667,0.1333333333333333,0.8,High,Medium,1,61.66666666666666,High,2,Experienced Professional
30,0,Travel_Rarely,921,Research & Development,1,3,Life Sciences,4,Male,38,1,1,Laboratory Technician,3,Married,3833,24375,3,No,21,4,3,2,7,2,3,2,2,0,2,EMP0582,0.0,1.0,1.0,1.0,Low,Medium,0,60.0,High,1,Developing Professional
40,0,Travel_Frequently,791,Research & Development,2,2,Medical,3,Female,38,4,2,Healthcare Representative,2,Married,4244,9931,1,No,24,4,4,1,8,2,3,8,7,3,7,EMP0583,0.375,0.875,0.25,0.875,High,Medium,1,74.375,High,1,Developing Professional
34,0,Travel_Rarely,1111,Sales,8,2,Life Sciences,3,Female,93,3,2,Sales Executive,1,Married,6500,13305,5,No,17,3,2,1,6,1,3,3,2,1,2,EMP0584,0.3333333333333333,0.6666666666666666,0.3333333333333333,0.6666666666666666,Low,Medium,0,78.33333333333333,High,1,Developing Professional
35,0,Travel_Rarely,1258,Research & Development,1,4,Life Sciences,4,Female,40,4,1,Research Scientist,3,Single,2506,13301,3,No,13,3,3,0,7,0,3,2,2,2,2,EMP0597,1.0,1.0,0.0,1.0,Low,Medium,0,100.0,High,1,Developing Professional
42,0,Travel_Rarely,933,Research & Development,29,3,Life Sciences,2,Male,98,3,2,Manufacturing Director,2,Married,4434,11806,1,No,13,3,4,1,10,3,2,9,8,7,8,EMP0605,0.7777777777777778,0.8888888888888888,0.3333333333333333,0.8888888888888888,High,Low,1,81.1111111111111,High,2,Experienced Professional
28,0,Travel_Rarely,760,Sales,2,4,Marketing,2,Female,81,3,2,Sales Executive,2,Married,4779,3698,1,Yes,20,4,1,0,8,2,3,8,7,7,5,EMP0613,0.875,0.875,0.25,0.625,High,Medium,1,90.625,High,2,Experienced Professional
36,0,Travel_Rarely,928,Sales,1,2,Life Sciences,2,Male,56,3,2,Sales Executive,4,Married,6201,2823,1,Yes,14,3,4,1,18,1,2,18,14,4,11,EMP0622,0.2222222222222222,0.7777777777777778,0.0555555555555555,0.6111111111111112,High,High,1,61.388888888888886,High,2,Experienced Professional
22,0,Travel_Rarely,1230,Research & Development,1,2,Life Sciences,4,Male,33,2,2,Manufacturing Director,4,Married,4775,19146,6,No,22,4,1,2,4,2,1,2,2,2,2,EMP0631,1.0,1.0,1.0,1.0,Low,Medium,0,95.0,High,1,Developing Professional
42,0,Travel_Frequently,1271,Research & Development,2,1,Medical,2,Male,35,3,1,Research Scientist,4,Single,2515,9068,5,Yes,14,3,4,0,8,2,3,2,1,2,2,EMP0633,1.0,0.5,1.0,1.0,Low,Medium,0,80.0,High,1,Developing Professional
35,0,Travel_Rarely,607,Research & Development,9,3,Life Sciences,4,Female,66,2,3,Manufacturing Director,3,Married,10685,23457,1,Yes,20,4,2,1,17,2,3,17,14,5,15,EMP0636,0.2941176470588235,0.8235294117647058,0.1176470588235294,0.8823529411764706,High,Medium,1,64.70588235294117,High,2,Experienced Professional
38,0,Travel_Rarely,395,Sales,9,3,Marketing,2,Male,98,2,1,Sales Representative,2,Married,2899,12102,0,No,19,3,4,1,3,3,3,2,2,1,2,EMP0643,0.5,1.0,1.5,1.0,Low,Low,0,75.0,High,1,Developing Professional
35,0,Travel_Rarely,672,Research & Development,25,3,Technical Degree,4,Male,78,2,3,Manufacturing Director,2,Married,10903,9129,3,No,16,3,1,0,16,2,3,13,10,4,8,EMP0648,0.3076923076923077,0.7692307692307693,0.1538461538461538,0.6153846153846154,High,Medium,1,64.61538461538461,High,2,Experienced Professional
53,0,Travel_Rarely,102,Research & Development,23,4,Life Sciences,4,Female,72,3,4,Research Director,4,Single,14275,20206,6,No,18,3,3,0,33,0,3,12,9,3,8,EMP0650,0.25,0.75,0.0,0.6666666666666666,High,High,1,72.5,High,2,Experienced Professional
47,0,Travel_Rarely,249,Sales,2,2,Marketing,3,Female,35,3,2,Sales Executive,4,Married,4537,17783,0,Yes,22,4,1,1,8,2,3,7,6,7,7,EMP0652,1.0,0.8571428571428571,0.2857142857142857,1.0,High,Medium,1,90.71428571428572,High,2,Experienced Professional
44,0,Travel_Rarely,661,Research & Development,9,2,Life Sciences,2,Male,61,3,1,Research Scientist,1,Married,2559,7508,1,Yes,13,3,4,0,8,0,3,8,7,7,1,EMP0659,0.875,0.875,0.0,0.125,High,High,1,100.0,High,1,Developing Professional
28,0,Travel_Rarely,995,Research & Development,9,3,Medical,3,Female,77,3,1,Research Scientist,3,Divorced,2377,9834,5,No,18,3,2,1,6,2,3,2,2,2,2,EMP0669,1.0,1.0,1.0,1.0,Low,Medium,0,100.0,High,1,Developing Professional
33,0,Travel_Rarely,1198,Research & Development,1,4,Other,3,Male,100,2,1,Research Scientist,1,Single,2799,3339,3,Yes,11,3,2,0,6,1,3,3,2,0,2,EMP0674,0.0,0.6666666666666666,0.3333333333333333,0.6666666666666666,Low,Medium,0,65.0,High,1,Developing Professional
31,0,Travel_Rarely,154,Sales,7,4,Life Sciences,2,Male,41,2,1,Sales Representative,3,Married,2329,11737,3,No,15,3,2,0,13,2,4,7,7,5,2,EMP0676,0.7142857142857143,1.0,0.2857142857142857,0.2857142857142857,High,Medium,1,77.85714285714286,High,1,Developing Professional
38,0,Travel_Rarely,1333,Research & Development,1,3,Technical Degree,4,Female,80,3,3,Research Director,1,Married,13582,16292,1,No,13,3,2,1,15,3,3,15,12,5,11,EMP0682,0.3333333333333333,0.8,0.2,0.7333333333333333,High,Low,1,63.33333333333333,High,2,Experienced Professional
26,0,Travel_Frequently,1283,Sales,1,3,Medical,3,Male,52,2,2,Sales Executive,1,Single,4294,11148,1,No,12,3,2,0,7,2,3,7,7,0,7,EMP0686,0.0,1.0,0.2857142857142857,1.0,High,Medium,0,70.0,High,1,Developing Professional
31,0,Travel_Rarely,616,Research & Development,12,3,Medical,4,Female,41,3,2,Healthcare Representative,4,Married,5855,17369,0,Yes,11,3,3,2,10,2,1,9,7,8,5,EMP0691,0.8888888888888888,0.7777777777777778,0.2222222222222222,0.5555555555555556,High,Medium,1,77.22222222222221,High,2,Experienced Professional
32,0,Travel_Rarely,498,Research & Development,3,4,Medical,3,Female,93,3,2,Manufacturing Director,1,Married,6725,13554,1,No,12,3,3,1,8,2,4,8,7,6,3,EMP0693,0.75,0.875,0.25,0.375,High,Medium,1,86.875,High,1,Developing Professional
52,0,Travel_Rarely,1053,Research & Development,1,2,Life Sciences,4,Male,70,3,4,Manager,4,Married,17099,13829,2,No,15,3,2,1,26,2,2,9,8,7,8,EMP0700,0.7777777777777778,0.8888888888888888,0.2222222222222222,0.8888888888888888,High,Medium,1,81.1111111111111,High,2,Experienced Professional
53,0,Travel_Rarely,1376,Sales,2,2,Medical,3,Male,45,3,4,Manager,3,Divorced,14852,13938,6,No,13,3,3,1,22,3,4,17,13,15,2,EMP0702,0.8823529411764706,0.7647058823529411,0.1764705882352941,0.1176470588235294,High,Low,1,65.0,High,2,Experienced Professional
30,0,Travel_Rarely,231,Sales,8,2,Other,3,Male,62,3,3,Sales Executive,3,Divorced,7264,9977,5,No,11,3,1,1,10,2,4,8,4,7,7,EMP0703,0.875,0.5,0.25,0.875,High,Medium,1,78.125,High,2,Experienced Professional
33,0,Non-Travel,722,Sales,17,3,Life Sciences,4,Male,38,3,4,Manager,3,Single,17444,20489,1,No,11,3,4,0,10,2,3,10,8,6,0,EMP0711,0.6,0.8,0.2,0.0,High,Medium,1,63.0,High,2,Experienced Professional
50,0,Travel_Rarely,1126,Research & Development,1,2,Medical,4,Male,66,3,4,Research Director,4,Divorced,17399,6615,9,No,22,4,3,1,32,1,2,5,4,1,3,EMP0715,0.2,0.8,0.2,0.6,Medium,High,0,61.0,High,1,Developing Professional
27,0,Travel_Rarely,1134,Research & Development,16,4,Technical Degree,3,Female,37,3,1,Laboratory Technician,2,Married,2811,12086,9,No,14,3,2,1,4,2,3,2,2,2,2,EMP0718,1.0,1.0,1.0,1.0,Low,Medium,0,100.0,High,1,Developing Professional
45,0,Non-Travel,248,Research & Development,23,2,Life Sciences,4,Male,42,3,2,Laboratory Technician,1,Married,3633,14039,1,Yes,15,3,3,1,9,2,3,9,8,0,8,EMP0719,0.0,0.8888888888888888,0.2222222222222222,0.8888888888888888,High,Medium,0,65.0,High,1,Developing Professional
38,0,Travel_Frequently,1391,Research & Development,10,1,Medical,3,Male,66,3,1,Research Scientist,3,Married,2684,12127,0,No,17,3,2,1,3,0,2,2,1,0,2,EMP0723,0.0,0.5,0.0,1.0,Low,Medium,0,65.0,High,1,Developing Professional
31,0,Travel_Frequently,853,Research & Development,1,1,Life Sciences,3,Female,96,3,2,Manufacturing Director,1,Married,4148,11275,1,No,12,3,3,1,4,1,3,4,3,0,3,EMP0727,0.0,0.75,0.25,0.75,Low,High,0,68.75,High,1,Developing Professional
48,0,Travel_Rarely,277,Research & Development,6,3,Life Sciences,1,Male,97,2,2,Healthcare Representative,3,Single,4240,13119,2,No,13,3,4,0,19,0,3,2,2,2,2,EMP0736,1.0,1.0,0.0,1.0,Low,Medium,0,100.0,High,1,Developing Professional
41,0,Travel_Rarely,549,Research & Development,7,2,Medical,4,Female,42,3,2,Manufacturing Director,3,Single,5003,23371,6,No,14,3,2,0,8,6,3,2,2,2,1,EMP0738,1.0,1.0,3.0,0.5,Low,Low,0,82.5,High,1,Developing Professional
27,0,Travel_Rarely,1055,Research & Development,2,4,Life Sciences,1,Female,47,3,2,Manufacturing Director,4,Married,4227,4658,0,No,18,3,2,1,4,2,3,3,2,2,2,EMP0740,0.6666666666666666,0.6666666666666666,0.6666666666666666,0.6666666666666666,Low,Medium,0,66.66666666666666,High,1,Developing Professional
55,0,Travel_Frequently,135,Research & Development,18,4,Medical,3,Male,62,3,2,Healthcare Representative,2,Married,6385,12992,3,Yes,14,3,4,2,17,3,3,8,7,6,7,EMP0746,0.75,0.875,0.375,0.875,High,Low,1,79.375,High,2,Experienced Professional
44,0,Travel_Rarely,1448,Sales,28,3,Medical,4,Female,53,4,4,Sales Executive,4,Married,13320,11737,3,Yes,18,3,3,1,23,2,3,12,11,11,11,EMP0751,0.9166666666666666,0.9166666666666666,0.1666666666666666,0.9166666666666666,High,Medium,1,87.91666666666666,High,2,Experienced Professional
33,0,Non-Travel,1038,Sales,8,1,Life Sciences,2,Female,88,2,1,Sales Representative,4,Single,2342,21437,0,No,19,3,4,0,3,2,2,2,2,2,2,EMP0755,1.0,1.0,1.0,1.0,Low,Medium,0,95.0,High,1,Developing Professional
32,0,Non-Travel,1109,Research & Development,29,4,Medical,4,Female,69,3,1,Laboratory Technician,3,Single,4025,11135,9,No,12,3,2,0,10,2,3,8,7,7,7,EMP0757,0.875,0.875,0.25,0.875,High,Medium,1,89.375,High,2,Experienced Professional
53,0,Travel_Frequently,124,Sales,2,3,Marketing,3,Female,38,2,3,Sales Executive,2,Married,7525,23537,2,No,12,3,1,1,30,2,3,15,7,6,12,EMP0761,0.4,0.4666666666666667,0.1333333333333333,0.8,High,Medium,1,62.0,High,2,Experienced Professional
38,0,Travel_Frequently,1186,Research & Development,3,4,Other,3,Male,44,3,1,Research Scientist,3,Married,2821,2997,3,No,16,3,1,1,8,2,3,2,2,2,2,EMP0766,1.0,1.0,1.0,1.0,Low,Medium,0,100.0,High,1,Developing Professional
50,0,Travel_Rarely,1464,Research & Development,2,4,Medical,2,Male,62,3,5,Research Director,3,Married,19237,12853,2,Yes,11,3,4,1,29,2,2,8,1,7,7,EMP0767,0.875,0.125,0.25,0.875,High,Medium,0,66.875,High,2,Experienced Professional
40,0,Travel_Rarely,300,Sales,26,3,Marketing,3,Male,74,3,2,Sales Executive,1,Married,8396,22217,1,No,14,3,2,1,8,3,2,7,7,7,5,EMP0769,1.0,1.0,0.4285714285714285,0.7142857142857143,High,Low,1,95.71428571428572,High,2,Experienced Professional
46,0,Travel_Rarely,430,Research & Development,1,4,Medical,4,Male,40,3,5,Research Director,4,Divorced,19627,21445,9,No,17,3,4,2,23,0,3,2,2,2,2,EMP0771,1.0,1.0,0.0,1.0,Low,Medium,0,100.0,High,1,Developing Professional
55,0,Non-Travel,444,Research & Development,2,1,Medical,3,Male,40,2,4,Manager,1,Single,16756,17323,7,No,15,3,2,0,31,3,4,9,7,6,2,EMP0775,0.6666666666666666,0.7777777777777778,0.3333333333333333,0.2222222222222222,High,Low,1,68.33333333333334,High,2,Experienced Professional
26,0,Travel_Rarely,192,Research & Development,1,2,Medical,1,Male,59,2,1,Laboratory Technician,1,Married,3955,11141,1,No,16,3,1,2,6,2,3,5,3,1,3,EMP0782,0.2,0.6,0.4,0.6,Low,Medium,0,60.0,High,1,Developing Professional
40,0,Travel_Rarely,1492,Research & Development,20,4,Technical Degree,1,Male,61,3,3,Healthcare Representative,4,Married,10322,26542,4,No,20,4,4,1,14,6,3,11,10,11,1,EMP0786,1.0,0.9090909090909092,0.5454545454545454,0.0909090909090909,High,Low,1,68.63636363636364,High,2,Experienced Professional
38,0,Travel_Rarely,770,Sales,10,4,Marketing,3,Male,73,2,3,Sales Executive,3,Divorced,8740,5569,0,Yes,14,3,2,2,9,2,3,8,7,2,7,EMP0808,0.25,0.875,0.25,0.875,High,Medium,0,64.375,High,1,Developing Professional
29,0,Travel_Rarely,1107,Research & Development,28,4,Life Sciences,3,Female,93,3,1,Research Scientist,4,Divorced,2514,26968,4,No,22,4,1,1,11,1,3,7,5,1,7,EMP0809,0.1428571428571428,0.7142857142857143,0.1428571428571428,1.0,Medium,High,0,62.142857142857146,High,1,Developing Professional
43,0,Travel_Frequently,1082,Research & Development,27,3,Life Sciences,3,Female,83,3,3,Manufacturing Director,1,Married,10820,11535,8,No,11,3,3,1,18,1,3,8,7,0,1,EMP0813,0.0,0.875,0.125,0.125,High,High,0,63.125,High,1,Developing Professional
21,0,Travel_Rarely,984,Research & Development,1,1,Technical Degree,4,Female,70,2,1,Research Scientist,2,Single,2070,25326,1,Yes,11,3,3,0,2,6,4,2,2,2,2,EMP0816,1.0,1.0,3.0,1.0,Low,Low,0,95.0,High,1,Developing Professional
36,0,Non-Travel,217,Research & Development,18,4,Life Sciences,1,Male,78,3,2,Manufacturing Director,4,Single,7779,23238,2,No,20,4,1,0,18,0,3,11,9,0,9,EMP0818,0.0,0.8181818181818182,0.0,0.8181818181818182,High,High,0,66.81818181818181,High,2,Experienced Professional
31,0,Travel_Frequently,793,Sales,20,3,Life Sciences,3,Male,67,4,1,Sales Representative,4,Married,2791,21981,0,No,12,3,1,1,3,4,3,2,2,2,2,EMP0819,1.0,1.0,2.0,1.0,Low,Low,0,85.0,High,1,Developing Professional
38,0,Travel_Rarely,433,Human Resources,1,3,Human Resources,3,Male,37,4,1,Human Resources,3,Married,2844,6004,1,No,13,3,4,1,7,2,4,7,6,5,0,EMP0827,0.7142857142857143,0.8571428571428571,0.2857142857142857,0.0,High,Medium,1,69.28571428571428,High,1,Developing Professional
27,0,Travel_Rarely,199,Research & Development,6,3,Life Sciences,4,Male,55,2,1,Research Scientist,3,Married,2539,7950,1,No,13,3,3,1,4,0,3,4,2,2,2,EMP0834,0.5,0.5,0.0,0.5,Low,Medium,0,77.5,High,1,Developing Professional
24,0,Travel_Rarely,477,Research & Development,24,3,Medical,4,Male,49,3,1,Laboratory Technician,2,Single,3597,6409,8,No,22,4,4,0,6,2,3,4,3,1,2,EMP0842,0.25,0.75,0.5,0.5,Low,Medium,0,60.0,High,1,Developing Professional
35,0,Travel_Rarely,819,Research & Development,2,3,Life Sciences,3,Male,44,2,3,Manufacturing Director,2,Divorced,10274,19588,2,No,18,3,2,1,15,2,4,7,7,6,4,EMP0847,0.8571428571428571,1.0,0.2857142857142857,0.5714285714285714,High,Medium,1,92.85714285714285,High,2,Experienced Professional
35,0,Travel_Frequently,636,Research & Development,4,4,Other,4,Male,47,2,1,Laboratory Technician,4,Married,2376,26537,1,No,13,3,2,1,2,2,4,2,2,2,2,EMP0849,1.0,1.0,1.0,1.0,Low,Medium,0,95.0,High,1,Developing Professional
56,0,Travel_Rarely,718,Research & Development,4,4,Technical Degree,4,Female,92,3,5,Manager,1,Divorced,19943,18575,4,No,13,3,4,1,28,2,3,5,2,4,2,EMP0852,0.8,0.4,0.4,0.4,Medium,Medium,0,75.0,High,2,Experienced Professional
20,0,Travel_Rarely,805,Research & Development,3,3,Life Sciences,1,Male,87,2,1,Laboratory Technician,3,Single,3033,12828,1,No,12,3,1,0,2,2,2,2,2,1,2,EMP0857,0.5,1.0,1.0,1.0,Low,Medium,0,80.0,High,1,Developing Professional
53,0,Travel_Rarely,1223,Research & Development,7,2,Medical,4,Female,50,3,5,Manager,3,Divorced,18606,18640,3,No,18,3,2,1,26,6,3,7,7,4,7,EMP0859,0.5714285714285714,1.0,0.8571428571428571,1.0,High,Low,1,72.85714285714286,High,2,Experienced Professional
46,0,Travel_Rarely,1402,Sales,2,3,Marketing,3,Female,69,3,4,Manager,1,Married,17048,24097,8,No,23,4,1,0,28,2,3,26,15,15,9,EMP0862,0.5769230769230769,0.5769230769230769,0.0769230769230769,0.3461538461538461,High,Medium,1,70.57692307692307,High,2,Experienced Professional
50,0,Travel_Frequently,1421,Research & Development,2,3,Medical,4,Female,30,3,4,Manager,1,Married,17856,9490,2,No,22,4,3,1,32,3,3,2,2,2,2,EMP0868,1.0,1.0,1.5,1.0,Low,Low,0,100.0,High,1,Developing Professional
28,0,Travel_Rarely,1179,Research & Development,19,4,Medical,4,Male,78,2,1,Laboratory Technician,1,Married,3196,12449,1,No,12,3,3,3,6,2,3,6,5,3,3,EMP0869,0.5,0.8333333333333334,0.3333333333333333,0.5,Medium,Medium,1,77.5,High,1,Developing Professional
35,0,Travel_Rarely,1361,Sales,17,4,Life Sciences,3,Male,94,3,2,Sales Executive,1,Married,8966,21026,3,Yes,15,3,4,3,15,2,3,7,7,1,7,EMP0871,0.1428571428571428,1.0,0.2857142857142857,1.0,High,Medium,0,75.71428571428572,High,1,Developing Professional
30,0,Travel_Rarely,853,Research & Development,7,4,Life Sciences,3,Male,49,3,2,Laboratory Technician,3,Divorced,3491,11309,1,No,13,3,1,3,10,4,2,10,7,8,9,EMP0875,0.8,0.7,0.4,0.9,High,Low,1,71.5,High,2,Experienced Professional
20,0,Travel_Rarely,654,Sales,21,3,Marketing,3,Male,43,4,1,Sales Representative,4,Single,2678,5050,1,No,17,3,4,0,2,2,3,2,1,2,2,EMP0877,1.0,0.5,1.0,1.0,Low,Medium,0,80.0,High,1,Developing Professional
32,0,Travel_Frequently,116,Research & Development,13,3,Other,3,Female,77,2,1,Laboratory Technician,2,Married,2743,7331,1,No,20,4,3,1,2,2,3,2,2,2,2,EMP0881,1.0,1.0,1.0,1.0,Low,Medium,0,100.0,High,1,Developing Professional
36,0,Travel_Rarely,363,Research & Development,1,3,Technical Degree,3,Female,77,1,3,Manufacturing Director,1,Divorced,10252,4235,2,Yes,21,4,3,1,17,2,3,7,7,7,7,EMP0883,1.0,1.0,0.2857142857142857,1.0,High,Medium,1,100.0,High,2,Experienced Professional
30,0,Travel_Rarely,1465,Research & Development,1,3,Medical,4,Male,63,3,1,Research Scientist,2,Married,3579,9369,0,Yes,21,4,1,1,12,2,3,11,9,5,7,EMP0887,0.4545454545454545,0.8181818181818182,0.1818181818181818,0.6363636363636364,High,Medium,1,72.27272727272728,High,2,Experienced Professional
27,0,Travel_Rarely,1103,Research & Development,14,3,Life Sciences,1,Male,42,3,1,Research Scientist,1,Married,2235,14377,1,Yes,14,3,4,2,9,3,2,9,7,6,8,EMP0890,0.6666666666666666,0.7777777777777778,0.3333333333333333,0.8888888888888888,High,Low,1,78.33333333333333,High,2,Experienced Professional
31,0,Travel_Rarely,1062,Research & Development,24,3,Medical,3,Female,96,2,2,Healthcare Representative,1,Single,6812,17198,1,No,19,3,2,0,10,2,3,10,9,1,8,EMP0897,0.1,0.9,0.2,0.8,High,Medium,0,68.0,High,1,Developing Professional
29,0,Travel_Rarely,694,Research & Development,1,3,Life Sciences,4,Female,87,2,4,Research Director,4,Divorced,16124,3423,3,No,14,3,2,2,9,2,2,7,7,1,7,EMP0906,0.1428571428571428,1.0,0.2857142857142857,1.0,High,Medium,0,60.71428571428572,High,1,Developing Professional
34,0,Travel_Frequently,135,Research & Development,19,3,Medical,3,Female,46,3,2,Laboratory Technician,2,Divorced,4444,22534,4,No,13,3,3,2,15,2,4,11,8,5,10,EMP0921,0.4545454545454545,0.7272727272727273,0.1818181818181818,0.9090909090909092,High,Medium,1,73.63636363636364,High,2,Experienced Professional
35,0,Travel_Rarely,735,Research & Development,6,1,Life Sciences,3,Male,66,3,1,Research Scientist,3,Married,3506,6020,0,Yes,14,3,4,0,4,3,3,3,2,2,2,EMP0925,0.6666666666666666,0.6666666666666666,1.0,0.6666666666666666,Low,Low,0,61.66666666666666,High,1,Developing Professional
36,0,Travel_Rarely,429,Research & Development,2,4,Life Sciences,3,Female,53,3,2,Manufacturing Director,2,Single,5410,2323,9,Yes,11,3,4,0,18,2,3,16,14,5,12,EMP0928,0.3125,0.875,0.125,0.75,High,Medium,1,70.0,High,2,Experienced Professional
28,0,Travel_Frequently,193,Research & Development,2,3,Life Sciences,4,Male,52,2,1,Laboratory Technician,4,Married,3867,14222,1,Yes,12,3,2,1,2,2,3,2,2,2,2,EMP0930,1.0,1.0,1.0,1.0,Low,Medium,0,95.0,High,1,Developing Professional
51,0,Travel_Frequently,968,Research & Development,6,2,Medical,2,Female,40,2,1,Laboratory Technician,3,Single,2838,4257,0,No,14,3,2,0,8,6,2,7,0,7,7,EMP0931,1.0,0.0,0.8571428571428571,1.0,High,Low,0,60.0,High,1,Developing Professional
28,0,Travel_Rarely,640,Research & Development,1,3,Technical Degree,4,Male,84,3,1,Research Scientist,1,Single,2080,4732,2,No,11,3,2,0,5,2,2,3,2,1,2,EMP0934,0.3333333333333333,0.6666666666666666,0.6666666666666666,0.6666666666666666,Low,Medium,0,68.33333333333333,High,1,Developing Professional
25,0,Travel_Rarely,266,Research & Development,1,3,Medical,4,Female,40,3,1,Research Scientist,2,Single,2096,18830,1,No,18,3,4,0,2,3,2,2,2,2,1,EMP0935,1.0,1.0,1.5,0.5,Low,Low,0,87.5,High,1,Developing Professional
58,0,Travel_Rarely,848,Research & Development,23,4,Life Sciences,1,Male,88,3,1,Research Scientist,3,Divorced,2372,26076,1,No,12,3,4,2,2,3,3,2,2,2,2,EMP0939,1.0,1.0,1.5,1.0,Low,Low,0,90.0,High,1,Developing Professional
36,0,Travel_Rarely,325,Research & Development,10,4,Technical Degree,4,Female,63,3,3,Healthcare Representative,3,Married,7094,5747,3,No,12,3,1,0,10,0,3,7,7,1,7,EMP0943,0.1428571428571428,1.0,0.0,1.0,High,High,0,85.71428571428572,High,1,Developing Professional
46,0,Travel_Rarely,991,Human Resources,1,2,Life Sciences,4,Female,44,3,1,Human Resources,1,Single,3423,22957,6,No,12,3,3,0,10,3,4,7,6,5,7,EMP0944,0.7142857142857143,0.8571428571428571,0.4285714285714285,1.0,High,Low,1,84.28571428571428,High,1,Developing Professional
28,0,Non-Travel,1476,Research & Development,1,3,Life Sciences,3,Female,55,1,2,Laboratory Technician,4,Married,6674,16392,0,No,11,3,1,3,10,6,3,9,8,7,5,EMP0945,0.7777777777777778,0.8888888888888888,0.6666666666666666,0.5555555555555556,High,Low,1,66.1111111111111,High,2,Experienced Professional
50,0,Travel_Rarely,1322,Research & Development,28,3,Life Sciences,4,Female,43,3,4,Research Director,1,Married,16880,22422,4,Yes,11,3,2,0,25,2,3,3,2,1,2,EMP0946,0.3333333333333333,0.6666666666666666,0.6666666666666666,0.6666666666666666,Low,Medium,0,68.33333333333333,High,1,Developing Professional
31,0,Non-Travel,587,Sales,2,4,Life Sciences,4,Female,57,3,3,Sales Executive,3,Divorced,9852,8935,1,Yes,19,3,1,1,10,5,2,10,8,9,6,EMP0951,0.9,0.8,0.5,0.6,High,Low,1,74.0,High,2,Experienced Professional
56,0,Travel_Rarely,206,Human Resources,8,4,Life Sciences,4,Male,99,3,5,Manager,2,Single,19717,4022,6,No,14,3,1,0,36,4,3,7,3,7,7,EMP0957,1.0,0.4285714285714285,0.5714285714285714,1.0,High,Low,1,77.85714285714286,High,2,Experienced Professional
34,0,Travel_Rarely,943,Research & Development,9,3,Life Sciences,4,Male,86,3,3,Healthcare Representative,4,Divorced,8500,5494,0,No,11,3,4,1,10,0,2,9,7,1,6,EMP0959,0.1111111111111111,0.7777777777777778,0.0,0.6666666666666666,High,High,0,67.77777777777777,High,1,Developing Professional
40,0,Travel_Rarely,523,Research & Development,2,3,Life Sciences,3,Male,98,3,2,Research Scientist,4,Single,4661,22455,1,No,13,3,3,0,9,4,3,9,8,8,8,EMP0960,0.8888888888888888,0.8888888888888888,0.4444444444444444,0.8888888888888888,High,Low,1,75.55555555555556,High,2,Experienced Professional
38,0,Travel_Rarely,1009,Sales,2,2,Life Sciences,2,Female,31,3,2,Sales Executive,1,Divorced,6893,19461,3,No,15,3,4,1,11,3,3,7,7,1,7,EMP0964,0.1428571428571428,1.0,0.4285714285714285,1.0,High,Low,0,65.71428571428572,High,1,Developing Professional
34,0,Travel_Rarely,507,Sales,15,2,Medical,3,Female,66,3,2,Sales Executive,1,Single,6125,23553,1,No,12,3,4,0,10,6,4,10,8,9,6,EMP0965,0.9,0.8,0.6,0.6,High,Low,1,84.0,High,2,Experienced Professional
36,0,Travel_Frequently,607,Sales,7,3,Marketing,1,Female,83,4,2,Sales Executive,1,Married,4639,2261,2,No,16,3,4,1,17,2,2,15,7,6,13,EMP0969,0.4,0.4666666666666667,0.1333333333333333,0.8666666666666667,High,Medium,1,68.0,High,2,Experienced Professional
56,0,Travel_Rarely,1369,Research & Development,23,3,Life Sciences,4,Male,68,3,4,Manufacturing Director,2,Married,13402,18235,4,Yes,12,3,1,1,33,0,3,19,16,15,9,EMP0977,0.7894736842105263,0.8421052631578947,0.0,0.4736842105263157,High,High,1,100.0,High,2,Experienced Professional
40,0,Travel_Rarely,1202,Research & Development,2,1,Medical,2,Female,89,4,2,Healthcare Representative,3,Divorced,6377,13888,5,No,20,4,2,3,15,0,3,12,11,11,8,EMP0979,0.9166666666666666,0.9166666666666666,0.0,0.6666666666666666,High,High,1,100.0,High,2,Experienced Professional
34,0,Travel_Rarely,285,Research & Development,29,3,Medical,2,Male,86,3,2,Laboratory Technician,3,Married,5429,17491,4,No,13,3,1,2,10,1,3,8,7,7,7,EMP0980,0.875,0.875,0.125,0.875,High,High,1,99.375,High,2,Experienced Professional
28,0,Travel_Rarely,736,Sales,26,3,Life Sciences,3,Male,48,2,2,Sales Executive,1,Married,4724,24232,1,No,11,3,3,1,5,0,3,5,3,0,4,EMP0985,0.0,0.6,0.0,0.8,Low,High,0,75.0,High,1,Developing Professional
51,0,Travel_Frequently,541,Sales,2,3,Marketing,2,Male,52,3,3,Sales Executive,2,Married,10596,15395,2,No,11,3,2,0,14,5,3,4,2,3,2,EMP0988,0.75,0.5,1.25,0.5,Medium,Low,0,62.5,High,1,Developing Professional
52,0,Travel_Rarely,258,Research & Development,8,4,Other,3,Female,54,3,1,Laboratory Technician,1,Married,2950,17363,9,No,13,3,3,0,12,2,1,5,4,0,4,EMP1001,0.0,0.8,0.4,0.8,Medium,Medium,0,61.0,High,1,Developing Professional
35,0,Travel_Frequently,200,Research & Development,18,2,Life Sciences,3,Male,60,3,3,Manufacturing Director,4,Single,9362,19944,2,No,11,3,3,0,10,2,3,2,2,2,2,EMP1003,1.0,1.0,1.0,1.0,Low,Medium,0,95.0,High,1,Developing Professional
26,0,Travel_Rarely,652,Research & Development,7,3,Other,3,Male,100,4,1,Laboratory Technician,1,Single,3578,23577,0,No,12,3,4,0,8,2,3,7,7,0,7,EMP1005,0.0,1.0,0.2857142857142857,1.0,High,Medium,0,70.0,High,1,Developing Professional
34,0,Travel_Frequently,560,Research & Development,1,4,Other,4,Male,91,3,1,Research Scientist,1,Divorced,2996,20284,5,No,14,3,3,2,10,2,3,4,3,1,3,EMP1016,0.25,0.75,0.5,0.75,Low,Medium,0,68.75,High,1,Developing Professional
45,0,Travel_Rarely,1038,Research & Development,20,3,Medical,2,Male,95,1,3,Healthcare Representative,1,Divorced,10851,19863,2,Yes,18,3,2,1,24,2,3,7,7,0,7,EMP1035,0.0,1.0,0.2857142857142857,1.0,High,Medium,0,70.0,High,1,Developing Professional
48,0,Travel_Rarely,1221,Sales,7,3,Marketing,3,Male,96,3,2,Sales Executive,1,Divorced,5486,24795,4,No,11,3,1,3,15,3,3,2,2,2,2,EMP1039,1.0,1.0,1.5,1.0,Low,Low,0,100.0,High,1,Developing Professional
40,0,Non-Travel,218,Research & Development,8,1,Medical,4,Male,55,2,3,Research Director,2,Divorced,13757,25178,2,No,11,3,3,1,16,5,3,9,8,4,8,EMP1041,0.4444444444444444,0.8888888888888888,0.5555555555555556,0.8888888888888888,High,Low,1,67.77777777777777,High,2,Experienced Professional
53,0,Travel_Rarely,447,Research & Development,2,3,Medical,4,Male,39,4,4,Research Director,2,Single,16598,19764,4,No,12,3,2,0,35,2,2,9,8,8,8,EMP1044,0.8888888888888888,0.8888888888888888,0.2222222222222222,0.8888888888888888,High,Medium,1,95.55555555555556,High,2,Experienced Professional
49,0,Travel_Rarely,1495,Research & Development,5,4,Technical Degree,1,Male,96,3,2,Healthcare Representative,3,Married,6651,21534,2,No,14,3,2,1,20,0,2,3,2,1,2,EMP1045,0.3333333333333333,0.6666666666666666,0.0,0.6666666666666666,Low,Medium,0,78.33333333333333,High,1,Developing Professional
34,0,Travel_Rarely,1326,Sales,3,3,Other,4,Male,81,1,2,Sales Executive,1,Single,4759,15891,3,No,18,3,4,0,15,2,3,13,9,3,12,EMP1049,0.2307692307692307,0.6923076923076923,0.1538461538461538,0.9230769230769232,High,Medium,1,68.84615384615384,High,2,Experienced Professional
30,0,Travel_Rarely,1358,Sales,16,1,Life Sciences,4,Male,96,3,2,Sales Executive,3,Married,5301,2939,8,No,15,3,3,2,4,2,2,2,1,2,2,EMP1050,1.0,0.5,1.0,1.0,Low,Medium,0,85.0,High,1,Developing Professional
44,0,Travel_Frequently,1193,Research & Development,2,1,Medical,2,Male,86,3,3,Manufacturing Director,3,Single,10209,19719,5,Yes,18,3,2,0,16,2,2,2,2,2,2,EMP1063,1.0,1.0,1.0,1.0,Low,Medium,0,100.0,High,1,Developing Professional
28,0,Travel_Rarely,1083,Research & Development,29,1,Life Sciences,3,Male,96,1,2,Manufacturing Director,2,Married,6549,3173,1,No,14,3,2,2,8,2,2,8,6,1,7,EMP1074,0.125,0.75,0.25,0.875,Medium,Medium,0,60.625,High,1,Developing Professional
44,0,Travel_Rarely,136,Research & Development,28,3,Life Sciences,4,Male,32,3,4,Research Director,1,Married,16328,22074,3,No,13,3,3,1,24,1,4,20,6,14,17,EMP1079,0.7,0.3,0.05,0.85,High,High,1,84.75,High,2,Experienced Professional
39,0,Travel_Rarely,1089,Research & Development,6,3,Life Sciences,2,Female,32,3,3,Manufacturing Director,2,Single,8376,9150,4,No,18,3,4,0,9,3,3,2,0,2,2,EMP1080,1.0,0.0,1.5,1.0,Low,Low,0,65.0,High,1,Developing Professional
46,0,Travel_Rarely,228,Sales,3,3,Life Sciences,3,Female,51,3,4,Manager,2,Married,16606,11380,8,No,12,3,4,1,23,2,4,13,12,5,1,EMP1081,0.3846153846153846,0.9230769230769232,0.1538461538461538,0.0769230769230769,High,Medium,1,64.23076923076923,High,2,Experienced Professional
34,0,Travel_Rarely,971,Sales,1,3,Technical Degree,4,Male,64,2,3,Sales Executive,3,Married,7083,12288,1,Yes,14,3,4,0,10,3,3,10,9,8,6,EMP1085,0.8,0.9,0.3,0.6,High,Low,1,73.0,High,2,Experienced Professional
34,0,Travel_Rarely,1440,Sales,7,2,Technical Degree,2,Male,55,3,1,Sales Representative,3,Married,2308,4944,0,Yes,25,4,2,1,12,4,3,11,10,5,7,EMP1088,0.4545454545454545,0.9090909090909092,0.3636363636363636,0.6363636363636364,High,Low,1,60.0,High,2,Experienced Professional
29,0,Travel_Rarely,441,Research & Development,8,1,Other,3,Female,39,1,2,Healthcare Representative,1,Married,9715,7288,3,No,13,3,3,1,9,3,3,7,7,0,7,EMP1091,0.0,1.0,0.4285714285714285,1.0,High,Low,0,60.0,High,1,Developing Professional
40,0,Travel_Rarely,1342,Sales,9,2,Medical,1,Male,47,3,2,Sales Executive,1,Married,5473,19345,0,No,12,3,4,0,9,5,4,8,4,7,1,EMP1095,0.875,0.5,0.625,0.125,High,Low,1,66.875,High,1,Developing Professional
40,0,Non-Travel,1142,Research & Development,8,2,Life Sciences,4,Male,72,3,2,Healthcare Representative,4,Divorced,4069,8841,3,Yes,18,3,3,0,8,2,3,2,2,2,2,EMP1099,1.0,1.0,1.0,1.0,Low,Medium,0,95.0,High,1,Developing Professional
45,0,Travel_Rarely,538,Research & Development,1,4,Technical Degree,1,Male,66,3,3,Healthcare Representative,2,Divorced,7441,20933,1,No,12,3,1,3,10,4,3,10,8,7,7,EMP1100,0.7,0.8,0.4,0.7,High,Low,1,72.5,High,2,Experienced Professional
35,0,Travel_Rarely,1402,Sales,28,4,Life Sciences,2,Female,98,2,1,Sales Representative,3,Married,2430,26204,0,No,23,4,1,2,6,5,3,5,3,4,2,EMP1101,0.8,0.6,1.0,0.4,Medium,Low,1,61.0,High,1,Developing Professional
48,0,Travel_Rarely,492,Sales,16,4,Life Sciences,3,Female,96,3,2,Sales Executive,3,Divorced,6439,13693,8,No,14,3,3,1,18,2,3,8,7,7,7,EMP1104,0.875,0.875,0.25,0.875,High,Medium,1,89.375,High,2,Experienced Professional
33,0,Travel_Rarely,1242,Sales,8,4,Life Sciences,1,Male,46,3,2,Sales Executive,1,Married,6392,10589,2,No,13,3,4,1,8,6,1,2,2,2,2,EMP1106,1.0,1.0,3.0,1.0,Low,Low,0,100.0,High,1,Developing Professional
48,0,Travel_Rarely,1108,Research & Development,15,4,Other,3,Female,65,3,1,Research Scientist,1,Married,2367,16530,8,No,12,3,4,1,10,3,2,8,2,7,6,EMP1115,0.875,0.25,0.375,0.75,High,Low,0,68.75,High,1,Developing Professional
34,0,Travel_Rarely,1351,Research & Development,1,4,Life Sciences,2,Male,45,3,2,Research Scientist,4,Married,5484,13008,9,No,17,3,2,1,9,3,2,2,2,2,1,EMP1118,1.0,1.0,1.5,0.5,Low,Low,0,77.5,High,1,Developing Professional
38,0,Travel_Rarely,1245,Sales,14,3,Life Sciences,3,Male,80,3,2,Sales Executive,2,Married,9924,12355,0,No,11,3,4,1,10,3,3,9,8,7,7,EMP1120,0.7777777777777778,0.8888888888888888,0.3333333333333333,0.7777777777777778,High,Low,1,79.44444444444444,High,2,Experienced Professional
39,0,Travel_Rarely,1462,Sales,6,3,Medical,4,Male,38,4,3,Sales Executive,3,Married,8237,4658,2,No,11,3,1,1,11,3,3,7,6,7,6,EMP1125,1.0,0.8571428571428571,0.4285714285714285,0.8571428571428571,High,Low,1,83.57142857142857,High,2,Experienced Professional
29,0,Travel_Frequently,995,Research & Development,2,1,Life Sciences,1,Male,87,3,2,Healthcare Representative,4,Divorced,8853,24483,1,No,19,3,4,1,6,0,4,6,4,1,3,EMP1126,0.1666666666666666,0.6666666666666666,0.0,0.5,Medium,High,0,64.16666666666666,High,1,Developing Professional
23,0,Travel_Rarely,977,Research & Development,10,3,Technical Degree,4,Male,45,4,1,Research Scientist,3,Married,2073,12826,2,No,16,3,4,1,4,2,3,2,2,2,2,EMP1128,1.0,1.0,1.0,1.0,Low,Medium,0,100.0,High,1,Developing Professional
35,0,Travel_Rarely,750,Research & Development,28,3,Life Sciences,2,Male,46,4,2,Laboratory Technician,3,Married,3407,25348,1,No,17,3,4,2,10,3,2,10,9,6,8,EMP1131,0.6,0.9,0.3,0.8,High,Low,1,68.0,High,2,Experienced Professional
34,0,Travel_Frequently,653,Research & Development,10,4,Technical Degree,4,Male,92,2,2,Healthcare Representative,3,Married,5063,15332,1,No,14,3,2,1,8,3,2,8,2,7,7,EMP1132,0.875,0.25,0.375,0.875,High,Low,0,60.625,High,1,Developing Professional
40,0,Travel_Rarely,118,Sales,14,2,Life Sciences,4,Female,84,3,2,Sales Executive,1,Married,4639,11262,1,No,15,3,3,1,5,2,3,5,4,1,2,EMP1133,0.2,0.8,0.4,0.4,Medium,Medium,0,63.0,High,1,Developing Professional
43,0,Travel_Rarely,990,Research & Development,27,3,Technical Degree,4,Male,87,4,1,Laboratory Technician,2,Divorced,4876,5855,5,No,12,3,3,1,8,0,3,6,4,0,2,EMP1134,0.0,0.6666666666666666,0.0,0.3333333333333333,Medium,High,0,65.0,High,1,Developing Professional
45,0,Non-Travel,336,Sales,26,3,Marketing,1,Male,52,2,2,Sales Executive,1,Married,4385,24162,1,No,15,3,1,1,10,2,3,10,7,4,5,EMP1144,0.4,0.7,0.2,0.5,High,Medium,1,69.5,High,1,Developing Professional
39,0,Travel_Rarely,1387,Research & Development,10,5,Medical,2,Male,76,3,2,Manufacturing Director,1,Married,5377,3835,2,No,13,3,4,3,10,3,3,7,7,7,7,EMP1149,1.0,1.0,0.4285714285714285,1.0,High,Low,1,100.0,High,2,Experienced Professional
27,0,Travel_Rarely,1302,Research & Development,19,3,Other,4,Male,67,2,1,Laboratory Technician,1,Divorced,4066,16290,1,No,11,3,1,2,7,3,3,7,7,0,7,EMP1150,0.0,1.0,0.4285714285714285,1.0,High,Low,0,60.0,High,1,Developing Professional
35,0,Travel_Rarely,819,Research & Development,18,5,Life Sciences,2,Male,48,4,2,Research Scientist,1,Married,5208,26312,1,No,11,3,4,0,16,2,3,16,15,1,10,EMP1151,0.0625,0.9375,0.125,0.625,High,Medium,0,65.0,High,2,Experienced Professional
21,0,Travel_Rarely,546,Research & Development,5,1,Medical,3,Male,97,3,1,Research Scientist,4,Single,3117,26009,1,No,18,3,3,0,3,2,3,2,2,2,2,EMP1153,1.0,1.0,1.0,1.0,Low,Medium,0,95.0,High,1,Developing Professional
40,0,Travel_Rarely,884,Research & Development,15,3,Life Sciences,1,Female,80,2,3,Manufacturing Director,3,Married,10435,25800,1,No,13,3,4,2,18,2,3,18,15,14,12,EMP1157,0.7777777777777778,0.8333333333333334,0.1111111111111111,0.6666666666666666,High,Medium,1,81.11111111111111,High,2,Experienced Professional
37,0,Travel_Rarely,1470,Research & Development,10,3,Medical,2,Female,71,3,1,Research Scientist,2,Married,3936,9953,1,No,11,3,1,1,8,2,1,8,4,7,7,EMP1164,0.875,0.5,0.25,0.875,High,Medium,1,83.125,High,1,Developing Professional
40,0,Travel_Rarely,448,Research & Development,16,3,Life Sciences,3,Female,84,3,3,Manufacturing Director,4,Single,7945,19948,6,Yes,15,3,4,0,18,2,2,4,2,3,3,EMP1165,0.75,0.5,0.5,0.75,Medium,Medium,0,66.25,High,1,Developing Professional
48,0,Travel_Frequently,365,Research & Development,4,5,Medical,3,Male,89,2,4,Manager,4,Married,15202,5602,2,No,25,4,2,1,23,3,3,2,2,2,2,EMP1167,1.0,1.0,1.5,1.0,Low,Low,0,85.0,High,1,Developing Professional
27,0,Travel_Rarely,486,Research & Development,8,3,Medical,2,Female,86,4,1,Research Scientist,3,Married,3517,22490,7,No,17,3,1,0,5,0,3,3,2,0,2,EMP1170,0.0,0.6666666666666666,0.0,0.6666666666666666,Low,Medium,0,65.0,High,1,Developing Professional
27,0,Travel_Frequently,591,Research & Development,2,3,Medical,4,Male,87,3,1,Research Scientist,4,Single,2580,6297,2,No,13,3,3,0,6,0,2,4,2,1,2,EMP1171,0.25,0.5,0.0,0.5,Low,Medium,0,62.5,High,1,Developing Professional
20,0,Travel_Rarely,1141,Sales,2,3,Medical,3,Female,31,3,1,Sales Representative,3,Single,2783,13251,1,No,19,3,1,0,2,3,3,2,2,2,2,EMP1179,1.0,1.0,1.5,1.0,Low,Low,0,90.0,High,1,Developing Professional
34,0,Travel_Rarely,1130,Research & Development,3,3,Life Sciences,4,Female,66,3,2,Research Scientist,2,Divorced,5433,19332,1,No,12,3,3,1,11,2,3,11,8,7,9,EMP1180,0.6363636363636364,0.7272727272727273,0.1818181818181818,0.8181818181818182,High,Medium,1,79.54545454545455,High,2,Experienced Professional
49,0,Travel_Rarely,464,Research & Development,16,3,Medical,4,Female,74,3,1,Laboratory Technician,1,Divorced,2587,24941,4,Yes,16,3,2,1,17,2,2,2,2,2,2,EMP1193,1.0,1.0,1.0,1.0,Low,Medium,0,100.0,High,1,Developing Professional
38,0,Travel_Frequently,148,Research & Development,2,3,Medical,4,Female,42,2,1,Laboratory Technician,2,Single,2440,23826,1,No,22,4,2,0,4,3,3,4,3,3,3,EMP1194,0.75,0.75,0.75,0.75,Medium,Low,1,73.75,High,1,Developing Professional
47,0,Travel_Rarely,1225,Sales,2,4,Life Sciences,2,Female,47,4,4,Manager,2,Divorced,15972,21086,6,No,14,3,3,3,29,2,3,3,2,1,2,EMP1195,0.3333333333333333,0.6666666666666666,0.6666666666666666,0.6666666666666666,Low,Medium,0,63.33333333333333,High,1,Developing Professional
20,0,Travel_Rarely,727,Sales,9,1,Life Sciences,4,Male,54,3,1,Sales Representative,1,Single,2728,21082,1,No,11,3,1,0,2,3,3,2,2,0,2,EMP1198,0.0,1.0,1.5,1.0,Low,Low,0,60.0,High,1,Developing Professional
44,0,Travel_Rarely,528,Human Resources,1,3,Life Sciences,3,Female,44,3,1,Human Resources,4,Divorced,3195,4167,4,Yes,18,3,1,3,8,2,3,2,2,2,2,EMP1201,1.0,1.0,1.0,1.0,Low,Medium,0,95.0,High,1,Developing Professional
26,0,Non-Travel,786,Research & Development,7,3,Medical,4,Male,76,3,1,Laboratory Technician,4,Single,2570,11925,1,No,20,4,3,0,7,5,3,7,7,5,7,EMP1207,0.7142857142857143,1.0,0.7142857142857143,1.0,High,Low,1,73.57142857142857,High,1,Developing Professional
55,0,Travel_Rarely,1441,Research & Development,22,3,Technical Degree,1,Male,94,2,1,Research Scientist,2,Divorced,3537,23737,5,No,12,3,4,1,8,1,3,4,2,1,2,EMP1208,0.25,0.5,0.25,0.5,Low,Medium,0,62.5,High,1,Developing Professional
34,0,Travel_Rarely,678,Research & Development,19,3,Life Sciences,2,Female,35,2,1,Research Scientist,4,Married,2929,20338,1,No,12,3,2,0,10,3,3,10,9,8,7,EMP1213,0.8,0.9,0.3,0.7,High,Low,1,69.5,High,2,Experienced Professional
44,0,Travel_Rarely,921,Research & Development,2,3,Life Sciences,3,Female,96,4,3,Healthcare Representative,4,Married,7879,14810,1,Yes,19,3,2,1,9,2,3,8,7,6,7,EMP1215,0.75,0.875,0.25,0.875,High,Medium,1,79.375,High,2,Experienced Professional
43,0,Travel_Rarely,1179,Sales,2,3,Medical,4,Male,73,3,2,Sales Executive,4,Married,7847,6069,1,Yes,17,3,1,1,10,3,3,10,9,8,8,EMP1217,0.8,0.9,0.3,0.8,High,Low,1,71.0,High,2,Experienced Professional
41,0,Travel_Rarely,918,Sales,6,3,Marketing,4,Male,35,3,3,Sales Executive,3,Single,9241,15869,1,No,12,3,2,0,10,3,3,10,8,8,7,EMP1219,0.8,0.8,0.3,0.7,High,Low,1,71.5,High,2,Experienced Professional
39,0,Non-Travel,792,Research & Development,1,3,Life Sciences,4,Male,77,3,2,Laboratory Technician,4,Married,6472,8989,1,Yes,15,3,4,1,9,2,3,9,8,5,8,EMP1241,0.5555555555555556,0.8888888888888888,0.2222222222222222,0.8888888888888888,High,Medium,1,72.22222222222221,High,2,Experienced Professional
30,0,Travel_Frequently,1312,Research & Development,2,4,Technical Degree,4,Female,78,2,1,Research Scientist,1,Single,4968,26427,0,No,16,3,4,0,10,2,3,9,7,0,7,EMP1245,0.0,0.7777777777777778,0.2222222222222222,0.7777777777777778,High,Medium,0,60.0,High,1,Developing Professional
24,0,Travel_Frequently,897,Human Resources,10,3,Medical,1,Male,59,3,1,Human Resources,4,Married,2145,2097,0,No,14,3,4,1,3,2,3,2,2,2,1,EMP1246,1.0,1.0,1.0,0.5,Low,Medium,0,87.5,High,1,Developing Professional
30,0,Travel_Rarely,979,Sales,15,2,Marketing,3,Male,94,2,3,Sales Executive,1,Divorced,7140,3088,2,No,11,3,1,1,12,2,3,7,7,1,7,EMP1252,0.1428571428571428,1.0,0.2857142857142857,1.0,High,Medium,0,75.71428571428572,High,1,Developing Professional
33,0,Non-Travel,775,Research & Development,4,3,Technical Degree,4,Male,90,3,2,Research Scientist,2,Divorced,3055,6194,5,No,15,3,4,2,11,2,2,9,8,1,7,EMP1266,0.1111111111111111,0.8888888888888888,0.2222222222222222,0.7777777777777778,High,Medium,0,62.77777777777777,High,1,Developing Professional
34,0,Travel_Rarely,511,Sales,3,2,Life Sciences,4,Female,32,1,2,Sales Executive,4,Single,6029,25353,5,No,12,3,1,0,6,3,3,2,2,2,2,EMP1271,1.0,1.0,1.5,1.0,Low,Low,0,85.0,High,1,Developing Professional
51,0,Travel_Rarely,942,Research & Development,3,3,Technical Degree,1,Female,53,3,3,Manager,3,Married,13116,22984,2,No,11,3,4,0,15,2,3,2,2,2,2,EMP1276,1.0,1.0,1.0,1.0,Low,Medium,0,100.0,High,1,Developing Professional
46,0,Travel_Rarely,734,Research & Development,2,4,Medical,3,Male,46,3,5,Research Director,4,Divorced,19328,14218,7,Yes,17,3,3,1,24,3,3,2,1,2,2,EMP1278,1.0,0.5,1.5,1.0,Low,Low,0,70.0,High,1,Developing Professional
36,0,Travel_Rarely,1383,Research & Development,10,3,Life Sciences,4,Male,90,3,3,Healthcare Representative,1,Married,8321,25949,7,Yes,13,3,4,1,15,1,3,12,8,5,7,EMP1279,0.4166666666666667,0.6666666666666666,0.0833333333333333,0.5833333333333334,High,High,1,80.41666666666667,High,2,Experienced Professional
33,0,Travel_Rarely,867,Research & Development,8,4,Life Sciences,4,Male,90,4,1,Research Scientist,1,Married,3143,6076,6,No,19,3,2,1,14,1,3,10,8,7,6,EMP1283,0.7,0.8,0.1,0.6,High,High,1,96.0,High,2,Experienced Professional
46,0,Non-Travel,849,Sales,26,2,Life Sciences,2,Male,98,2,2,Sales Executive,2,Single,7991,25166,8,No,15,3,3,0,6,3,3,2,2,2,2,EMP1286,1.0,1.0,1.5,1.0,Low,Low,0,95.0,High,1,Developing Professional
39,0,Travel_Frequently,766,Sales,20,3,Life Sciences,3,Male,83,3,2,Sales Executive,4,Divorced,4127,19188,2,No,18,3,4,1,7,6,3,2,1,2,2,EMP1293,1.0,0.5,3.0,1.0,Low,Low,0,70.0,High,1,Developing Professional
58,0,Non-Travel,350,Sales,2,3,Medical,2,Male,52,3,4,Manager,2,Divorced,16291,22577,4,No,22,4,4,1,37,0,2,16,9,14,14,EMP1302,0.875,0.5625,0.0,0.875,High,High,1,100.0,High,2,Experienced Professional
40,0,Travel_Rarely,750,Research & Development,12,3,Life Sciences,2,Female,47,3,2,Healthcare Representative,1,Divorced,4448,10748,2,No,12,3,2,1,15,3,3,7,4,7,7,EMP1305,1.0,0.5714285714285714,0.4285714285714285,1.0,High,Low,1,87.14285714285714,High,2,Experienced Professional
31,0,Travel_Frequently,1125,Sales,7,4,Marketing,1,Female,68,3,3,Sales Executive,1,Married,9637,8277,2,No,14,3,4,2,9,3,3,3,2,2,2,EMP1307,0.6666666666666666,0.6666666666666666,1.0,0.6666666666666666,Low,Low,0,71.66666666666666,High,1,Developing Professional
58,0,Travel_Frequently,1216,Research & Development,15,4,Life Sciences,1,Male,87,3,4,Research Director,3,Married,15787,21624,2,Yes,14,3,2,0,23,3,3,2,2,2,2,EMP1311,1.0,1.0,1.5,1.0,Low,Low,0,90.0,High,1,Developing Professional
45,0,Non-Travel,589,Sales,2,4,Life Sciences,3,Female,67,3,2,Sales Executive,3,Married,5154,19665,4,No,22,4,2,2,10,3,4,8,7,5,7,EMP1315,0.625,0.875,0.375,0.875,High,Low,1,69.375,High,2,Experienced Professional
43,0,Travel_Frequently,1422,Sales,2,4,Life Sciences,1,Male,92,3,2,Sales Executive,4,Married,5675,19246,1,No,20,4,3,1,7,5,3,7,7,7,7,EMP1317,1.0,1.0,0.7142857142857143,1.0,High,Low,1,85.0,High,2,Experienced Professional
42,0,Non-Travel,355,Research & Development,10,4,Technical Degree,3,Male,38,3,1,Research Scientist,3,Married,2936,6161,3,No,22,4,2,2,10,1,2,6,3,3,3,EMP1321,0.5,0.5,0.1666666666666666,0.5,Medium,High,1,67.5,High,1,Developing Professional
47,0,Travel_Rarely,207,Research & Development,9,4,Life Sciences,2,Female,64,3,1,Laboratory Technician,3,Single,2105,5411,4,No,12,3,3,0,7,2,3,2,2,2,0,EMP1322,1.0,1.0,1.0,0.0,Low,Medium,0,85.0,High,1,Developing Professional
28,0,Non-Travel,280,Human Resources,1,2,Life Sciences,3,Male,43,3,1,Human Resources,4,Divorced,2706,10494,1,No,15,3,2,1,3,2,3,3,2,2,2,EMP1324,0.6666666666666666,0.6666666666666666,0.6666666666666666,0.6666666666666666,Low,Medium,0,66.66666666666666,High,1,Developing Professional
27,0,Travel_Rarely,728,Sales,23,1,Medical,2,Female,36,2,2,Sales Representative,3,Married,3540,7018,1,No,21,4,4,1,9,5,3,9,8,5,8,EMP1329,0.5555555555555556,0.8888888888888888,0.5555555555555556,0.8888888888888888,High,Low,1,67.22222222222221,High,2,Experienced Professional
43,0,Travel_Rarely,823,Research & Development,6,3,Medical,1,Female,81,2,5,Manager,3,Married,19392,22539,7,No,13,3,4,0,21,2,3,16,12,6,14,EMP1331,0.375,0.75,0.125,0.875,High,Medium,1,65.625,High,2,Experienced Professional
27,0,Travel_Frequently,1131,Research & Development,15,3,Life Sciences,4,Female,77,2,1,Research Scientist,1,Married,4774,23844,0,No,19,3,4,1,8,2,2,7,6,7,3,EMP1335,1.0,0.8571428571428571,0.2857142857142857,0.4285714285714285,High,Medium,1,97.14285714285714,High,1,Developing Professional
39,0,Travel_Rarely,835,Research & Development,19,4,Other,4,Male,41,3,2,Research Scientist,4,Divorced,3902,5141,8,No,14,3,2,3,7,2,3,2,2,2,2,EMP1336,1.0,1.0,1.0,1.0,Low,Medium,0,95.0,High,1,Developing Professional
29,0,Travel_Rarely,592,Research & Development,7,3,Life Sciences,4,Male,59,3,1,Laboratory Technician,1,Single,2062,19384,3,No,14,3,2,0,11,2,3,3,2,1,2,EMP1344,0.3333333333333333,0.6666666666666666,0.6666666666666666,0.6666666666666666,Low,Medium,0,68.33333333333333,High,1,Developing Professional
45,0,Travel_Rarely,556,Research & Development,25,2,Life Sciences,2,Female,93,2,2,Manufacturing Director,4,Married,5906,23888,0,No,13,3,4,2,10,2,2,9,8,3,8,EMP1347,0.3333333333333333,0.8888888888888888,0.2222222222222222,0.8888888888888888,High,Medium,1,63.33333333333333,High,1,Developing Professional
40,0,Travel_Rarely,1137,Research & Development,1,4,Life Sciences,1,Male,98,3,4,Manager,1,Divorced,16823,18991,2,No,11,3,1,1,22,3,3,19,7,11,16,EMP1349,0.5789473684210527,0.3684210526315789,0.1578947368421052,0.8421052631578947,High,Low,1,61.84210526315789,High,2,Experienced Professional
44,0,Travel_Rarely,170,Research & Development,1,4,Life Sciences,2,Male,78,4,2,Healthcare Representative,1,Married,5033,9364,2,No,15,3,4,1,10,5,3,2,0,2,2,EMP1353,1.0,0.0,2.5,1.0,Low,Low,0,70.0,High,1,Developing Professional
36,0,Travel_Rarely,335,Sales,17,2,Marketing,3,Male,33,2,2,Sales Executive,2,Married,5507,16822,2,No,16,3,3,2,12,1,1,4,2,1,3,EMP1356,0.25,0.5,0.25,0.75,Low,Medium,0,66.25,High,1,Developing Professional
31,0,Travel_Rarely,471,Research & Development,4,3,Medical,1,Female,62,4,1,Laboratory Technician,3,Divorced,3978,16031,8,No,12,3,2,1,4,0,2,2,2,2,2,EMP1361,1.0,1.0,0.0,1.0,Low,Medium,0,100.0,High,1,Developing Professional
26,0,Travel_Frequently,1096,Research & Development,6,3,Other,3,Male,61,4,1,Laboratory Technician,4,Married,2544,7102,0,No,18,3,1,1,8,3,3,7,7,7,7,EMP1362,1.0,1.0,0.4285714285714285,1.0,High,Low,1,85.0,High,2,Experienced Professional
39,0,Non-Travel,1251,Sales,21,4,Life Sciences,1,Female,32,1,2,Sales Executive,3,Married,5736,3987,6,No,19,3,3,1,10,1,3,3,2,1,2,EMP1367,0.3333333333333333,0.6666666666666666,0.3333333333333333,0.6666666666666666,Low,Medium,0,68.33333333333333,High,1,Developing Professional
49,0,Travel_Frequently,1064,Research & Development,2,1,Life Sciences,2,Male,42,3,5,Research Director,4,Married,19161,13738,3,No,15,3,4,0,28,3,3,5,4,4,3,EMP1378,0.8,0.8,0.6,0.6,Medium,Low,1,65.0,High,2,Experienced Professional
31,0,Non-Travel,976,Research & Development,3,2,Medical,3,Male,48,3,1,Research Scientist,1,Divorced,3065,3995,1,Yes,13,3,4,1,4,3,4,4,2,2,3,EMP1383,0.5,0.5,0.75,0.75,Low,Low,0,61.25,High,1,Developing Professional
26,0,Travel_Rarely,157,Research & Development,1,3,Medical,3,Male,95,3,1,Laboratory Technician,1,Single,2867,20006,0,No,13,3,4,0,8,6,2,7,7,7,6,EMP1387,1.0,1.0,0.8571428571428571,0.8571428571428571,High,Low,1,97.85714285714286,High,2,Experienced Professional
31,0,Travel_Frequently,1125,Research & Development,1,3,Life Sciences,4,Male,48,1,2,Research Scientist,1,Married,5003,5771,1,No,21,4,2,0,10,6,3,10,8,8,7,EMP1390,0.8,0.8,0.6,0.7,High,Low,1,81.5,High,2,Experienced Professional
33,0,Travel_Frequently,1303,Research & Development,7,2,Life Sciences,4,Male,36,3,2,Healthcare Representative,3,Divorced,5968,18079,1,No,20,4,3,3,9,2,3,9,7,2,8,EMP1399,0.2222222222222222,0.7777777777777778,0.2222222222222222,0.8888888888888888,High,Medium,0,60.55555555555556,High,1,Developing Professional
43,0,Travel_Rarely,574,Research & Development,11,3,Life Sciences,1,Male,30,3,3,Healthcare Representative,3,Married,7510,16873,1,No,17,3,2,1,10,1,3,10,9,0,9,EMP1400,0.0,0.9,0.1,0.9,High,High,0,65.5,High,1,Developing Professional
55,0,Travel_Rarely,189,Human Resources,26,4,Human Resources,3,Male,71,4,5,Manager,2,Married,19636,25811,4,Yes,18,3,1,1,35,0,3,10,9,1,4,EMP1402,0.1,0.9,0.0,0.4,High,High,0,77.0,High,2,Experienced Professional
40,0,Travel_Frequently,692,Research & Development,11,3,Technical Degree,4,Female,73,3,2,Laboratory Technician,3,Married,6323,26849,1,No,11,3,1,1,10,2,4,10,9,9,4,EMP1410,0.9,0.9,0.2,0.4,High,Medium,1,84.0,High,2,Experienced Professional
40,0,Travel_Rarely,444,Sales,2,2,Marketing,2,Female,92,3,2,Sales Executive,2,Married,5677,4258,3,No,14,3,3,1,15,4,3,11,8,5,10,EMP1411,0.4545454545454545,0.7272727272727273,0.3636363636363636,0.9090909090909092,High,Low,1,63.63636363636364,High,2,Experienced Professional
25,0,Travel_Rarely,977,Research & Development,2,1,Other,4,Male,57,3,1,Laboratory Technician,3,Divorced,3977,7298,6,Yes,19,3,3,1,7,2,2,2,2,0,2,EMP1414,0.0,1.0,1.0,1.0,Low,Medium,0,60.0,High,1,Developing Professional
47,0,Travel_Rarely,1180,Research & Development,25,3,Medical,1,Male,84,3,3,Healthcare Representative,3,Single,8633,13084,2,No,23,4,2,0,25,3,3,17,14,12,11,EMP1415,0.7058823529411765,0.8235294117647058,0.1764705882352941,0.6470588235294118,High,Low,1,67.6470588235294,High,2,Experienced Professional
31,0,Travel_Rarely,1154,Sales,2,2,Life Sciences,1,Male,54,3,1,Sales Representative,3,Married,3067,6393,0,No,19,3,3,1,3,1,3,2,2,1,2,EMP1418,0.5,1.0,0.5,1.0,Low,Medium,0,90.0,High,1,Developing Professional
38,0,Travel_Frequently,508,Research & Development,6,4,Life Sciences,1,Male,72,2,2,Manufacturing Director,3,Married,5321,14284,2,No,11,3,4,1,10,1,3,8,3,7,7,EMP1419,0.875,0.375,0.125,0.875,High,High,1,84.375,High,2,Experienced Professional
35,0,Travel_Rarely,1490,Research & Development,11,4,Medical,4,Male,43,3,1,Laboratory Technician,3,Married,2660,20232,7,Yes,11,3,3,1,5,3,3,2,2,2,2,EMP1423,1.0,1.0,1.5,1.0,Low,Low,0,90.0,High,1,Developing Professional
33,0,Travel_Rarely,501,Research & Development,15,2,Medical,2,Female,95,3,2,Healthcare Representative,4,Married,4878,21653,0,Yes,13,3,1,1,10,6,3,9,7,8,1,EMP1426,0.8888888888888888,0.7777777777777778,0.6666666666666666,0.1111111111111111,High,Low,1,60.55555555555555,High,2,Experienced Professional
32,0,Travel_Rarely,234,Sales,1,4,Medical,2,Male,68,2,1,Sales Representative,2,Married,2269,18024,0,No,14,3,2,1,3,2,3,2,2,2,2,EMP1429,1.0,1.0,1.0,1.0,Low,Medium,0,100.0,High,1,Developing Professional
39,0,Travel_Rarely,116,Research & Development,24,1,Life Sciences,1,Male,52,3,2,Research Scientist,4,Single,4108,5340,7,No,13,3,1,0,18,2,3,7,7,1,7,EMP1430,0.1428571428571428,1.0,0.2857142857142857,1.0,High,Medium,0,60.71428571428572,High,1,Developing Professional
21,0,Travel_Rarely,501,Sales,5,1,Medical,3,Male,58,3,1,Sales Representative,1,Single,2380,25479,1,Yes,11,3,4,0,2,6,3,2,2,1,2,EMP1437,0.5,1.0,3.0,1.0,Low,Low,0,80.0,High,1,Developing Professional
36,0,Non-Travel,301,Sales,15,4,Marketing,4,Male,88,1,2,Sales Executive,4,Divorced,5406,10436,1,No,24,4,1,1,15,4,2,15,12,11,11,EMP1448,0.7333333333333333,0.8,0.2666666666666666,0.7333333333333333,High,Low,1,64.33333333333333,High,2,Experienced Professional
40,0,Travel_Rarely,1322,Research & Development,2,4,Life Sciences,3,Male,52,2,1,Research Scientist,3,Single,2809,2725,2,No,14,3,4,0,8,2,3,2,2,2,2,EMP1456,1.0,1.0,1.0,1.0,Low,Medium,0,100.0,High,1,Developing Professional
39,0,Travel_Rarely,613,Research & Development,6,1,Medical,4,Male,42,2,3,Healthcare Representative,1,Married,9991,21457,4,No,15,3,1,1,9,5,3,7,7,1,7,EMP1467,0.1428571428571428,1.0,0.7142857142857143,1.0,High,Low,0,65.71428571428572,High,1,Developing Professional
